"Txhash","Blockno","UnixTimestamp","DateTime","From","To","Quantity","Method"
"0xfa69ca836f0caa30070e871622f618a177a5897f49c7814b437cae39652da26c","17325372","1684886675","2023-05-24 00:04:35","0xec80b7359a05004d557e02764b10ecd56701ad1e","0xffec0067f5a79cff07527f63d83dd5462ccf8ba4","8.79526408","Transfer"
"0x2a19f88165fa3a3d4e3bd06ef79c07a395a200c84fc5f7ca4909d4f9750dc55d","17325395","1684886951","2023-05-24 00:09:11","0x9757eb864142edeca83f86ffb36d88eea4b25537","0xa700b4eb416be35b2911fd5dee80678ff64ff6c9","460.290179836213252765","Cast"
"0x726add4d47fbda468b61d81b0fe072d3044e53b1dbb049e9d13dcfb1d6888c06","17325426","1684887335","2023-05-24 00:15:35","0xdfd5293d8e347dfe59e90efd55b2956a1343963d","0xec1424f4d164e6d07cd440c977570bdc2967ffb7","171.901","Transfer"
"0xd5f39eaf355029976441f31eb9021d6629773600a73679494dbd55231fde5e0a","17325436","1684887467","2023-05-24 00:17:47","0x249105cc0fc41f45ccf558042c63e8748bb03cf6","0xffec0067f5a79cff07527f63d83dd5462ccf8ba4","6.23954845","Transfer"
"0x20b9e21908cd0b1a8c89f431fb5f2cb99577fdd767a5b271f7bb51543f6124f4","17325473","1684887911","2023-05-24 00:25:11","0x7ba34b5f7469c79046738ad8ef534cc178b7c431","0x5ab53ee1d50eef2c1dd3d5402789cd27bb52c1bb","76.617","Exact Input Single"
"0x2dcbaed8f88c3ac1f42877b95cb543761bca54922d94a8bd60251280f982c641","17325500","1684888235","2023-05-24 00:30:35","0x3ce9b432d8864c1f441ee034f8ceec2652a9098e","0x14ed23ef2382741c227240bb2ab4c21eeb06e116","2.720658472568302269","Transfer"
"0xa66df7bc71599b67a4d97648d1763e8c5f93c48ea09435914a0625a598d803d7","17325546","1684888787","2023-05-24 00:39:47","0xa705221f83edee8e8a4d0b69856207a8fda0ec5d","0x48c04ed5691981c42154c6167398f95e8f38a7ff","2.73670609","Transfer"
"0xd6cb312fa61334741675e82e45bd769cf4f699a248ea732ad7c2325f30f26ccd","17325637","1684889879","2023-05-24 00:57:59","0x5a7f7a43e22c3323653d5d0b5e713a9ad4c13558","0x1d518930562af33fa599252bc6af3c192044ea23","23.696682464454977","Transfer"
"0xb06a5e8c8eeb88d42e879116f93a41ef11ed9992c1cea341ee32e665c0dbd3d4","17325665","1684890215","2023-05-24 01:03:35","0xec1424f4d164e6d07cd440c977570bdc2967ffb7","0x9acbb72cf67103a30333a32cd203459c6a9c3311","171.901","Transfer"
"0x60ecbd7ce30f37f5a97f900dcff161bb979fe9524ffeecba28b032b10c4d1dd7","17325731","1684891007","2023-05-24 01:16:47","0x649765821d9f64198c905ec0b2b037a4a52bc373","0x5ab53ee1d50eef2c1dd3d5402789cd27bb52c1bb","21.953970394871203716","-"
"0x3dc09ae5cedc76fc71dae1119a612af5fa476942a83a1e9bdb5024f2f05cb0d2","17325848","1684892423","2023-05-24 01:40:23","0x1d02585ca2493a7ad3f7590d0b5cd75071d5d390","0xe66b31678d6c16e9ebf358268a790b763c133750","1.98165046","Proxied Swap"
"0x3dc09ae5cedc76fc71dae1119a612af5fa476942a83a1e9bdb5024f2f05cb0d2","17325848","1684892423","2023-05-24 01:40:23","0xe66b31678d6c16e9ebf358268a790b763c133750","0x5ab53ee1d50eef2c1dd3d5402789cd27bb52c1bb","1.98165046","Proxied Swap"
"0xb1dbe7ea336a4d6825ed1ecbe029fe92e6ec1804de52b6d81e4afaa10c4af5da","17325889","1684892927","2023-05-24 01:48:47","0xaf0b0000f0210d0f421f0009c72406703b50506b","0x861024a33b757e8e5e2ea522f97508c8c38425be","0.0556884995276469","Settle Aggregate Order"
"0x311827eb2f659a8ec2fb2d9f33c5d72f95bee941ef5b4996cdf7b3d51c7835f5","17325911","1684893203","2023-05-24 01:53:23","0xaf0b0000f0210d0f421f0009c72406703b50506b","0x93b5c773d059ab62d68f8cdee0c9f072488d6827","0.033260438598102473","Settle Aggregate Order"
"0x5ee00e8ff3dee24763652173e9cce12ff8f8709ad9e33c4326fa7cae944ad803","17325958","1684893767","2023-05-24 02:02:47","0x28c6c06298d514db089934071355e5743bf21d60","0x69dffd7bbf469870e88c94866689f3e3c1405d50","3.335681","Transfer"
"0x2b85d39ac665e6adc87976886db511be5663c450c3922ba4a1a5e19117da3cc4","17326039","1684894739","2023-05-24 02:18:59","0xdceaf5d0e5e0db9596a47c0c4120654e80b1d706","0x407e4c0781401397138e63a2e73b5a7d1e63e00a","0.753313407433728007","Execute"
"0xdf73ad6ece55ca728c1cf89cbf72d8dcf11d4a443a48506a353e19567455f00e","17326050","1684894883","2023-05-24 02:21:23","0x14ed23ef2382741c227240bb2ab4c21eeb06e116","0xdbba09205018414a27a5819ec6c4222e92cbea10","2.298218886093502888","Transfer"
"0x2ca9177f01c6cca611d70a776efc6aad9c20dcdb91309f597f12dbe140583e09","17326091","1684895375","2023-05-24 02:29:35","0x797e5a59fddd4b0f818833d78d0ce6224bd37121","0xdfc14d2af169b0d36c4eff567ada9b2e0cae044f","0.8","Swap On Uniswap V2Fork"
"0x09bcca93e22a6dc1c11842f1b1a0cadf1f612df8405c8077d1db9037f1d48087","17326110","1684895603","2023-05-24 02:33:23","0xe65cdb6479bac1e22340e4e755fae7e509ecd06c","0x49654d0584e777e3f8de4f932e2d6432e39c1cf5","41.00729538217266","Borrow"
"0x15e83564e3891115dfe2abbee1756932fc8c491c9eab0bad7f112bd9b5e1c75d","17326117","1684895687","2023-05-24 02:34:47","0x49654d0584e777e3f8de4f932e2d6432e39c1cf5","0x5ab53ee1d50eef2c1dd3d5402789cd27bb52c1bb","41.00729538217266","Multicall"
"0x76aba645d7295cef3cc386436be0113c886bfecbb784982e7de2add0244816fe","17326126","1684895795","2023-05-24 02:36:35","0x21a31ee1afc51d94c2efccaa2092ad1028285549","0xfb407dd9ec230baa667b887d060e427dc026e0f6","5","Transfer"
"0x4b68c6390e4f5c5aaf4e1b6589251126b7991a968ca2b371b78dab962e7dbd5f","17326137","1684895927","2023-05-24 02:38:47","0xf43eff2e87d6756bc06d40c8e095f0466814dc4a","0xb3e12a0ac4fb13fe091b448f45b81b1da0246994","19.56354527","Transfer"
"0x7d38750aeb08a2f9c29780190d4160f5038eb12d4c97284f4ff3bae08aaad160","17326184","1684896491","2023-05-24 02:48:11","0xa9d1e08c7793af67e9d92fe308d5697fb81d3e43","0x76f99a940d78fc0d07aceb4e29353557adef3666","12.11966309","-"
"0x61ef009e3e3394c774b77527336d2058d33445d70a07d7c83e888e60b1ccfa91","17326224","1684896983","2023-05-24 02:56:23","0x2b82cb01940c6f665121eb171b0c084816af19ba","0xbd9bed95b6a5ee8597e6f9298abc578cc5cbab56","8.32245","Transfer"
"0x5868af466f8fdc76cf6c23949c02c433aeb34a20041ccb06a3913a1fd5b662d1","17326233","1684897091","2023-05-24 02:58:11","0xbd9bed95b6a5ee8597e6f9298abc578cc5cbab56","0x26a78d5b6d7a7aceedd1e6ee3229b372a624d8b7","8.32245","-"
"0x1dd2a8bdb1c079b362eb5bed59c9ef09a4f2f977e22a091bd2c21626ca797599","17326233","1684897091","2023-05-24 02:58:11","0x5ab53ee1d50eef2c1dd3d5402789cd27bb52c1bb","0x96c37cf118fcc8fdf32d25ed4ce99736dbc7e4a0","0.848434891084145661","Execute"
"0x2672f190c28ef8a124afd11e63967cfe6849c55bf0b57db93d3756c499ced709","17326245","1684897235","2023-05-24 03:00:35","0xa81011ae274ef6debd3bdab634102c7b6c2c452d","0x2d1e5c2a10af28d238c91fddcb22893e65c47baa","5.14488389","Payout ERC20Batch"
"0xcba33b25f17a1d12523b162b977d0e42d112bc889079b35fcbfed3719184c50a","17326281","1684897667","2023-05-24 03:07:47","0xc697051d1c6296c24ae3bcef39aca743861d9a81","0xa69babef1ca67a37ffaf7a485dfff3382056e78c","531.064036297152958404","Execute F Fs Yo"
"0xe753fa5c0534f3b63108a9810823503cdce0f5022df4f5ff09bb7269949deeb0","17326292","1684897799","2023-05-24 03:09:59","0xb3a615e45e1e7b76c2eb3ee4e86d0e05d54c6fa9","0x3927bfc8c306cf5eaec225643b4d7203d24e7330","2.60043631","Transfer"
"0x3e6951a060c81bff635c3d0e9708d8d9f0996d0a321d26c0a5a4fa67f5da8cce","17326322","1684898171","2023-05-24 03:16:11","0x8c54ebdd960056d2cff5998df5695daca1fc0190","0x799dfd4083a146d3b35f3f5b5f5113f005fcb4d9","131.5","Transfer"
"0x03626c044a9826dceebaa8139c8cf75b10136ddca8197c2cefa7bccf48f484bf","17326328","1684898243","2023-05-24 03:17:23","0x799dfd4083a146d3b35f3f5b5f5113f005fcb4d9","0x1522900b6dafac587d499a862861c0869be6e428","131.5","Flush Forwarder Tokens"
"0xf35ce4f0263431e9020c40e55caca115e17e2ce54c58ca32beefb6928283fe5a","17326346","1684898471","2023-05-24 03:21:11","0x5ee8cf25ec14f45b7b4063f190d309794554e77c","0x25d09190057dbc639ccf3715c1e3cb8b4699a3aa","5.35","Transfer"
"0xf9f332cd48d21a75f5ee4f3734dcc0c49a13f0d41f075832e154cb85df6de088","17326417","1684899323","2023-05-24 03:35:23","0xa69babef1ca67a37ffaf7a485dfff3382056e78c","0xc697051d1c6296c24ae3bcef39aca743861d9a81","439.548427472331458706","Execute F Fs Yo"
"0xfd28c3a85db251c69028638ffdbac11c8161ec367d8c5e16ac9ff6665f2a31ad","17326427","1684899443","2023-05-24 03:37:23","0x67e022256e5de118994476a621d709d658b65f04","0x990d1073d5d60bea03676089b3675f5533497569","5.6695","Transfer"
"0x60db751cc16263d83e1f245a2b0038cc01292adde5a83a20d9e439960a3a5767","17326434","1684899539","2023-05-24 03:38:59","0x990d1073d5d60bea03676089b3675f5533497569","0x1157a2076b9bb22a85cc2c162f20fab3898f4101","5.6695","Transfer"
"0xcaa432b55f4f66c2ffabfb1293228cc9b35264eec479667149a9b89105ae103e","17326435","1684899551","2023-05-24 03:39:11","0x28c0acebb013dcf11307d6c84473448b20bd7890","0xf2445e7f77f334c536ce984820f5db5efec38e37","456.532799034485434618","Swap"
"0xcaa432b55f4f66c2ffabfb1293228cc9b35264eec479667149a9b89105ae103e","17326435","1684899551","2023-05-24 03:39:11","0xf2445e7f77f334c536ce984820f5db5efec38e37","0xc697051d1c6296c24ae3bcef39aca743861d9a81","456.532799034485434618","Swap"
"0x062a32ac5cbc4557c3b5a8819964beb3dc2f85f5aae7b4cdb2350ba9d482bab7","17326490","1684900223","2023-05-24 03:50:23","0x1bf82104450b065394c8f31634248ad3966fb32a","0xfd47753f03af59c6fd14485a353c4d5050c50ad2","38.3038726679","Transfer"
"0x0c093496c39ece1c874156b75e8bd3f29c0dbbb727c22156cf12f195730d24ad","17326500","1684900343","2023-05-24 03:52:23","0x5ab53ee1d50eef2c1dd3d5402789cd27bb52c1bb","0x96c37cf118fcc8fdf32d25ed4ce99736dbc7e4a0","0.282803606750456837","Execute"
"0x9ceb4642a6f26d61df22312c76de0ebd81794b13d55b0db0f1451a7f6dbead63","17326503","1684900379","2023-05-24 03:52:59","0xfd47753f03af59c6fd14485a353c4d5050c50ad2","0x1513f469b17bee53dcd0b8a90e7eccfe8206d77c","38.3038726679","Transfer"
"0x9ccec253c44bc2a5e58e13201c848ad6087ca2d6b6532de00c89f95d07722a81","17326531","1684900715","2023-05-24 03:58:35","0xd1742b3c4fbb096990c8950fa635aec75b30781a","0xbd4dbe0cb9136ffb4955ede88ebd5e92222ad09a","1.177335111867508657","Settle Orders"
"0xd4cefcd5effc7fcfad8981b60183bd40772d9c72e5646cf0368e2220ea42dfb3","17326539","1684900811","2023-05-24 04:00:11","0x1513f469b17bee53dcd0b8a90e7eccfe8206d77c","0x48c04ed5691981c42154c6167398f95e8f38a7ff","38.30387266","Transfer"
"0xea3089631fe9abc15e507baae5f6885e7618a28806b0f752565d9f290f899e64","17326592","1684901447","2023-05-24 04:10:47","0x48c04ed5691981c42154c6167398f95e8f38a7ff","0xf7bc8cca251960a9a73332b0f139e831b6452d75","1.363144","Transfer"
"0xf3fa2c347c4087f90ba7acdb7a7c203ff3a64dc9d459c11957803ed7dc3b4480","17326662","1684902287","2023-05-24 04:24:47","0xdfd5293d8e347dfe59e90efd55b2956a1343963d","0x088c9616d4a41e5ebf29f452d96851ec2d48abb1","2.28937964","Transfer"
"0x8acc30bffeac5303c7cb1c9a4e4775d17363ec3093b4b3c14464e193926d669d","17326664","1684902323","2023-05-24 04:25:23","0x2e0004cb436fe72aaf8c00328d8587fa9a30a16b","0xbb23b564d6e90bf2b4b8f532a4dc6fc7114eb0b7","10","Transfer"
"0x7cf8d905393af7db56862318a33a20990481a0868d8a1f2989b2cbe12dc37e06","17326709","1684902863","2023-05-24 04:34:23","0x23f4569002a5a07f0ecf688142eeb6bcd883eef8","0x301b2c1aad4d253aa5f8d3fb512a10d0a6aef87b","1.20108304","Transfer"
"0xeab588e5d93cc323c87274aab4303e97c75f3436f4c32842651099bd386daed6","17326713","1684902911","2023-05-24 04:35:11","0x48c04ed5691981c42154c6167398f95e8f38a7ff","0xf7bc8cca251960a9a73332b0f139e831b6452d75","49","Transfer"
"0x0aec491b03d73dba0266e509e17201d59cb682418cd4f6ea9c318c81624260da","17326759","1684903487","2023-05-24 04:44:47","0x301b2c1aad4d253aa5f8d3fb512a10d0a6aef87b","0x74dec05e5b894b0efec69cdf6316971802a2f9a1","1.20108304","Sweep"
"0x23b7f3f2384674a4fc47321cdc5042a89016a189d7c17433d365fa90fa19771e","17326769","1684903607","2023-05-24 04:46:47","0x28c6c06298d514db089934071355e5743bf21d60","0x48c04ed5691981c42154c6167398f95e8f38a7ff","7.959478","Transfer"
"0x5a2b58d40c946933349426b1c3a536060e11af43a1d7768678abb91fd9c49c00","17326773","1684903655","2023-05-24 04:47:35","0x2e0004cb436fe72aaf8c00328d8587fa9a30a16b","0xbb23b564d6e90bf2b4b8f532a4dc6fc7114eb0b7","338.81835917","Transfer"
"0x1485fb5596048e61f703b0d171168eabd8ec7c3b0dbce31ebdaf50f29f4f1430","17326846","1684904531","2023-05-24 05:02:11","0x9acbb72cf67103a30333a32cd203459c6a9c3311","0x9e1f19a5c551e84e523810426a24ed4032902476","171","Transfer"
"0x0962929207ecebe4c6624cc3ad9d3eda64419ece1e8a0f81b4a07abfc3f50071","17326873","1684904867","2023-05-24 05:07:47","0x2b98006084845ae63e28d1f53a78553db6f0d188","0x4da27a545c0c5b758a6ba100e3a049001de870f5","51.14635301","Stake"
"0x3555258993830f3d663b40323cd18ae2ee3d826cd478739443106b136fe1c8a5","17326935","1684905611","2023-05-24 05:20:11","0xc697051d1c6296c24ae3bcef39aca743861d9a81","0xa69babef1ca67a37ffaf7a485dfff3382056e78c","654.268884692544001628","Execute F Fs Yo"
"0x2290c8f49b7777c037183d8a0a5cea5b5140f05f7bd04e86720617f076c2209b","17326958","1684905887","2023-05-24 05:24:47","0x306b68c7954de1c14f5e6a1981e98e31aa98aec7","0x28c6c06298d514db089934071355e5743bf21d60","276.54156","Transfer"
"0xa0b8d49cef91b637765921e6d6953f35f49b06c4f68f8c4e007401bedef9b8c6","17326985","1684906211","2023-05-24 05:30:11","0xf89d7b9c864f589bbf53a82105107622b35eaa40","0xd02793528a819f8735280eedc19b7a6998e64621","8.444227","Transfer"
"0x895d97668f2c8bbf9a0f38875c0b29ab6a9a1da4a5df3c70424d950d7a978176","17326985","1684906211","2023-05-24 05:30:11","0x9e1f19a5c551e84e523810426a24ed4032902476","0x28c6c06298d514db089934071355e5743bf21d60","171","Transfer"
"0xd3b7544427116bd6ac0d4f7d60729d107f275b76fc6364f30900ebd1c16acf05","17326985","1684906211","2023-05-24 05:30:11","0xa9d1e08c7793af67e9d92fe308d5697fb81d3e43","0x712e9c87596040c335462257f5abe02a5b5e5b6f","3.1","-"
"0xec258ed776bd96e9ee1f1aea9db7b99885b9cf4c77fb83edc6d7578bb12898b8","17327002","1684906415","2023-05-24 05:33:35","0x9b97514bd8956b568e0232227b1b4a94355bf08a","0x1ac7b48f208e543da5667fbc22365706be34970a","48.755072","Transfer"
"0x3dee4cc6560d950a50f388452365b4b48474ef75916d45df88efed7d0d7aab9b","17327034","1684906799","2023-05-24 05:39:59","0x21a31ee1afc51d94c2efccaa2092ad1028285549","0xec1424f4d164e6d07cd440c977570bdc2967ffb7","171.89","Transfer"
"0xff018677d1848b183775463c835d40bbf227e6f171fe26ec4ae2d4823f1c6db9","17327040","1684906871","2023-05-24 05:41:11","0x1ac7b48f208e543da5667fbc22365706be34970a","0x75e89d5979e4f6fba9f97c104c2f0afb3f1dcb88","48.755072","Transfer"
"0xf479454d330b666470d334963d3fa805498759de4911602b1f6a0672277d3926","17327096","1684907543","2023-05-24 05:52:23","0x9acbb72cf67103a30333a32cd203459c6a9c3311","0x9e1f19a5c551e84e523810426a24ed4032902476","172","Transfer"
"0x6c872f7742a8476f4d4e0abca63b57af07391acf9a933d9f3584c295af577c5e","17327128","1684907927","2023-05-24 05:58:47","0xd75ea151a61d06868e31f8988d28dfe5e9df57b4","0x9008d19f58aabd9ed0d60971565aa8510560ab41","39.366903000432809951","Mooo Z1089603480"
"0x6c872f7742a8476f4d4e0abca63b57af07391acf9a933d9f3584c295af577c5e","17327128","1684907927","2023-05-24 05:58:47","0x9008d19f58aabd9ed0d60971565aa8510560ab41","0xb18f1894ab9c1538998372d06080a265465ac33e","39.35","Mooo Z1089603480"
"0x867ef086317ed6880f518548012f1e047113fbe935ada3118fa273045a0c142e","17327160","1684908311","2023-05-24 06:05:11","0xa69babef1ca67a37ffaf7a485dfff3382056e78c","0xc697051d1c6296c24ae3bcef39aca743861d9a81","816.386569691016506291","Execute F Fs Yo"
"0x4aa69ceef41f1add949b1653cd48a77779e1f8549ca1baaf9b2ec28c2c1624ad","17327163","1684908347","2023-05-24 06:05:47","0xdfd5293d8e347dfe59e90efd55b2956a1343963d","0x1de2eae91968a598cfbcdfe360412cf41340397b","2.09","Transfer"
"0xd3aa80071d19cc42e577ba0f3f10401335df883b087bd4355ed60408fe0ee434","17327219","1684909055","2023-05-24 06:17:35","0x1522900b6dafac587d499a862861c0869be6e428","0x48ec5560bfd59b95859965cce48cc244cfdf6b0c","133.02186319","Send Multi Sig Token"
"0x6b92470cd0e7da40a590ddeff4358ed21a4d8b16faba29d2c6b5b898deb1843c","17327251","1684909463","2023-05-24 06:24:23","0xee61f5fb0db81d3a09392375ee96f723c0620e07","0x07226bda88bab4eecda6183df4126fd31c10ca68","14","Transfer"
"0x99c3abe8b119f2417e88e1fc6e79267654bed44a64ec20a600648d5b6b978c8c","17327280","1684909811","2023-05-24 06:30:11","0x73f9b272abda7a97cb1b237d85f9a7236edb6f16","0x28c6c06298d514db089934071355e5743bf21d60","212.63","Transfer"
"0x1d7b53991a33ee812d56cd50f28be6f38fc33aa2dbafdcd1a1189ff439c80128","17327299","1684910051","2023-05-24 06:34:11","0x1c727a55ea3c11b0ab7d3a361fe0f3c47ce6de5d","0xedaa1c1b35c4c6faf49ca107d81794ad4762069c","0.864279258244631679","Transfer"
"0x8e524c3a96f6a13ac894b2cc4bed0fb3e237a07db0fe93b0b456e35efafc0845","17327312","1684910207","2023-05-24 06:36:47","0xe65cdb6479bac1e22340e4e755fae7e509ecd06c","0xa5ba9d68890d0ba1c7d5c6d1ae9b2836a5c4f4f1","0.8","Execute"
"0x79e8c20cae9b981f322a343b8e7a5caa6609791f26703ac24d8d6d56eba158a2","17327328","1684910399","2023-05-24 06:39:59","0xa5ba9d68890d0ba1c7d5c6d1ae9b2836a5c4f4f1","0x4da27a545c0c5b758a6ba100e3a049001de870f5","0.8","Execute"
"0x6b651fbc6caf95f1cdd0f6a3d5aaea503356c3637510ab7a69b1b37f2e157d58","17327376","1684910999","2023-05-24 06:49:59","0x28c6c06298d514db089934071355e5743bf21d60","0xec1424f4d164e6d07cd440c977570bdc2967ffb7","171.89","Transfer"
"0x4849f1c522ac39820f66df9b2981ee66e4096a7d46fe84150b2a29ebe3f18b7b","17327396","1684911239","2023-05-24 06:53:59","0xac57d33b141c3ff4787bd1e064ba5ad0d15d7d6f","0x3c5883c650d600bd543a9b5c8d9a3a6f5d16b8f4","297.8999034","Transfer"
"0x398db643ea190c2fabffcb47b0e475a6f912d89da17afd436ee1d10128aec5be","17327396","1684911239","2023-05-24 06:53:59","0xac57d33b141c3ff4787bd1e064ba5ad0d15d7d6f","0x3c5883c650d600bd543a9b5c8d9a3a6f5d16b8f4","295.89990775","Transfer"
"0x50c5ecdcacf52a5df804b2b81800c2443ddef2cc10bc14b3345352510a6aba8c","17327396","1684911239","2023-05-24 06:53:59","0xac57d33b141c3ff4787bd1e064ba5ad0d15d7d6f","0x3c5883c650d600bd543a9b5c8d9a3a6f5d16b8f4","299.89994681","Transfer"
"0x8707ea26af5eff4e218b854837411b617eaccc8d71187bccf1363bc146324d53","17327396","1684911239","2023-05-24 06:53:59","0xac57d33b141c3ff4787bd1e064ba5ad0d15d7d6f","0x3c5883c650d600bd543a9b5c8d9a3a6f5d16b8f4","293.89997967","Transfer"
"0x2316d5b0f56b69530b28714ee246e409a6bdda4c5ea3bbd04ad1101ca4ef7a1a","17327396","1684911239","2023-05-24 06:53:59","0xac57d33b141c3ff4787bd1e064ba5ad0d15d7d6f","0x3c5883c650d600bd543a9b5c8d9a3a6f5d16b8f4","291.31747564","Transfer"
"0xd584c2a2fe99d40993886ab94f22814b5ff198dca96a67c77f8d1aeec893632e","17327401","1684911299","2023-05-24 06:54:59","0x3c5883c650d600bd543a9b5c8d9a3a6f5d16b8f4","0x6cc5f688a315f3dc28a7781717a9a798a59fda7b","1,478.91721327","Transfer"
"0xb90a9c77811f742839ab3b65298926437c593ddfaa69e17938b9080b55193e00","17327507","1684912583","2023-05-24 07:16:23","0x21a31ee1afc51d94c2efccaa2092ad1028285549","0x5069412bca7927b3b1e1ede53366af564aad7a83","1.631","Transfer"
"0xb24291ce72e4cf5b76c659b47f99b7b6bba19ff4d737ad02308f600cd05f6848","17327507","1684912583","2023-05-24 07:16:23","0x1c316255b44c8b4dd6db876a15c01f3b57b3f339","0x40ec5b33f54e0e8a33a975908c5ba1c14e5bbbdf","2.62037","Deposit For"
"0xe38d87226b8da9a847b003a1a71909e2bba85849d39ac456b6e6405f8f3fd665","17327512","1684912643","2023-05-24 07:17:23","0x25f2226b597e8f9514b3f68f00f494cf4f286491","0xaad31173c97e35fe6a26e1c79033f6c0a35a7abf","3.537145199642491433","Claim Rewards"
"0x0dff24e1b0ff7757ab263a5f3201acd05a095e6d5ed3a83bbe0b806bdd654962","17327566","1684913291","2023-05-24 07:28:11","0x9acbb72cf67103a30333a32cd203459c6a9c3311","0x9e1f19a5c551e84e523810426a24ed4032902476","171","Transfer"
"0x2e413163578355c883a461d5cbc67ec40c6aecb8984051966669b6d9f6d142cf","17327580","1684913459","2023-05-24 07:30:59","0x90196e349ab7a58857838e0eaf8cda3e33bd684d","0x5ab53ee1d50eef2c1dd3d5402789cd27bb52c1bb","17.150952","Execute"
"0x9358777fd6c6480dd172c51b6524fdaf70ac9293389424150265bebe22bace62","17327605","1684913759","2023-05-24 07:35:59","0xb18f1894ab9c1538998372d06080a265465ac33e","0x55881e2415c3e071dd048b36771bc70ec60a5e26","39.35","Transfer"
"0x1a7474795c3f658cffcd9448d12547868d4b8eae577463320b8d12368ea067b4","17327613","1684913879","2023-05-24 07:37:59","0x55881e2415c3e071dd048b36771bc70ec60a5e26","0x26a78d5b6d7a7aceedd1e6ee3229b372a624d8b7","39.35","-"
"0xdc595d94409455912844c120b61adce0a356d8fc16248f16c20205d0a122ee80","17327676","1684914635","2023-05-24 07:50:35","0x9a72b97137065b3816d091310e483811baa1be0f","0x4da27a545c0c5b758a6ba100e3a049001de870f5","1","Stake"
"0x8efc23ad49b22ec3bccb397fcc32abbf5b5f0b1fa215515df25ed83b15279ba0","17327689","1684914791","2023-05-24 07:53:11","0xdfc14d2af169b0d36c4eff567ada9b2e0cae044f","0x00000000000747d525e898424e8774f7eb317d00","9.102571579275445951","Morph"
"0x8efc23ad49b22ec3bccb397fcc32abbf5b5f0b1fa215515df25ed83b15279ba0","17327689","1684914791","2023-05-24 07:53:11","0x00000000000747d525e898424e8774f7eb317d00","0xe8e8486228753e01dbc222da262aa706bd67e601","9.102571579275445951","Morph"
"0x027e7be801cfa4dbacf9a5f437983a3f2c143514c3413f9bf803607ec60b1499","17327711","1684915055","2023-05-24 07:57:35","0x25f2226b597e8f9514b3f68f00f494cf4f286491","0xee02efeb8d2de4bc16afab15566a1edb9007e484","3.215255348010220805","Claim Rewards"
"0x023922924fab56186316ca698430527870106e1faea3986b83fa981047222432","17327720","1684915163","2023-05-24 07:59:23","0x5bb2cfda6c6544800dca87d4df04e48f68cf1cb2","0x74de5d4fcbf63e00296fd95d33236b9794016631","14.836917","Swap"
"0x023922924fab56186316ca698430527870106e1faea3986b83fa981047222432","17327720","1684915163","2023-05-24 07:59:23","0x74de5d4fcbf63e00296fd95d33236b9794016631","0xd75ea151a61d06868e31f8988d28dfe5e9df57b4","14.836917","Swap"
"0x4452b04ee30ee8a2953220ec94c30d735d1c41cadc27de7dbf137415229423df","17327724","1684915211","2023-05-24 08:00:11","0xf7bc8cca251960a9a73332b0f139e831b6452d75","0x28c6c06298d514db089934071355e5743bf21d60","74.599116","Transfer"
"0xf9051aa55a19c58a1d29a2c29924285f514380fafd88ba2bcf8fc71b5abcd144","17327726","1684915235","2023-05-24 08:00:35","0xee02efeb8d2de4bc16afab15566a1edb9007e484","0xdfc14d2af169b0d36c4eff567ada9b2e0cae044f","3.215255348010220805","-"
"0x7cf06328c69753b30130898305018f6d3c811f86abef44f4035540ed1199a209","17327751","1684915535","2023-05-24 08:05:35","0x4e36e298808813a0a4b6ae3a97a945e62912327e","0xffc97d72e13e01096502cb8eb52dee56f74dad7b","0.005","Deposit"
"0x3759c82bd1bce4a9e55cf8c35976851384dbb7ba72aaeb5107e4c9a5a6520732","17327755","1684915583","2023-05-24 08:06:23","0xa41d522bb5e6af5c056ea7431d9910187d734b40","0x91d1dcd9dfeb5d33a966d82e40b0fac0ec928170","6,122.5752","Transfer"
"0x980166e0464530891099e08bd7ad12691439010ff25be7a2d2b9505a6f120ec2","17327759","1684915631","2023-05-24 08:07:11","0x91d1dcd9dfeb5d33a966d82e40b0fac0ec928170","0x6cc5f688a315f3dc28a7781717a9a798a59fda7b","6,122.5752","Transfer"
"0xe1bfca8c277c98fd8017ee4ac195ac317144d5d70ebd75bc46271826c2f8b69e","17327821","1684916375","2023-05-24 08:19:35","0xc7f8df7b32cb89bb4ea5673f04695b87ed11f9b9","0x9983af833c0d0bbffb73dccfa21193ea5f75bc84","13.46857095","Transfer"
"0x3ecb7390d0adeee056b5a4a36125209f7c6720d8fc5134561011f4ef0ee2d999","17327836","1684916555","2023-05-24 08:22:35","0xffec0067f5a79cff07527f63d83dd5462ccf8ba4","0x81722bbdf1dde48fc48101d3704f4155b4385c41","5.16975232","Transfer"
"0x22ab909cf0159b07c494dbb41d28824d98fcc3f0c6c2a66ddbeafe01de10cd47","17327872","1684916987","2023-05-24 08:29:47","0xb18fe18b6bea40db0440a833855bd09570e7a45c","0x83c999a25c8e2513d9b5a941f66387374edcd3b8","0.01","Transfer"
"0x11f0c71902d297d0180f9044fea57b32ffa27ccb283cec43e3beda3cdbd88285","17327874","1684917011","2023-05-24 08:30:11","0x9e1f19a5c551e84e523810426a24ed4032902476","0x28c6c06298d514db089934071355e5743bf21d60","343","Transfer"
"0xb5603617e798d202814189b893be7589e6070eabdf0b8b442b1912438848a9ea","17327928","1684917671","2023-05-24 08:41:11","0xa2e61f0a119bbdb85ddde76f37e73ecbae808f33","0x7b9d4f54413d7080f8cd54fdec9fe3315ee64301","22","Transfer"
"0x4e3a8aed828565f340405d07e96e93290f66fb7c1aaa8e61be66ca2685bee0fa","17327976","1684918247","2023-05-24 08:50:47","0xdfd5293d8e347dfe59e90efd55b2956a1343963d","0x794b4de625ddb9b755b1ce3b4142237a053ca0b3","0.507382","Transfer"
"0xe4e161f61a6b678334abd5beada16ece45ffc5da2cdbb1c7844e1183a830ae2f","17327986","1684918367","2023-05-24 08:52:47","0x28c6c06298d514db089934071355e5743bf21d60","0xc96655f614f5c723d2d21f3a8cd2474e7534e918","16.69596707","Transfer"
"0xf7539b2d766353edc92502238f36243fff92258eb36b706fbc7d3ca70b1ab213","17328006","1684918607","2023-05-24 08:56:47","0x5ab53ee1d50eef2c1dd3d5402789cd27bb52c1bb","0xd5bb8b3808fe5ba4c2eced970a34cdd2197ff674","0.16347105332470466","Execute"
"0xba2f6bb9629a398fdff1cbe211f470ea6b6ebcb375d296dc8d37e95c2eae1e6c","17328023","1684918823","2023-05-24 09:00:23","0x25f2226b597e8f9514b3f68f00f494cf4f286491","0xf062d1b3f658ad32f7896a76807b05ba7a9e7720","8.868628852274992686","Claim Rewards"
"0x8e948b5e8ebd7bc1e5667657e1807726f0141c2c20d3ff2934163fec899da196","17328075","1684919483","2023-05-24 09:11:23","0xf062d1b3f658ad32f7896a76807b05ba7a9e7720","0xa16a27cff6bd4f2dc3e6ca2cab3b244df543e27b","8.868628852274992686","Transfer"
"0x27c4c013c6ec5a5fcd422254b46d5b622cb5fe489bf243dcc4f76e17699f3c75","17328103","1684919831","2023-05-24 09:17:11","0x74dec05e5b894b0efec69cdf6316971802a2f9a1","0xc7f365a786cbc52dc86ab764e5eba0aedcf004aa","1.13592726","Transfer"
"0x4c2042e2aac0a75831f34574a4c257be83dc582733b107a5e7ecc6b9aae93a55","17328104","1684919843","2023-05-24 09:17:23","0xaf0b0000f0210d0f421f0009c72406703b50506b","0x346563d78537987beb25740b6b9aeafe9bae5073","0.008402072634711488","Settle Aggregate Order"
"0xe48a1b94ac6fada6040470d6b85d76f9623d5d5861445c831107eadc300eb899","17328109","1684919903","2023-05-24 09:18:23","0x21a31ee1afc51d94c2efccaa2092ad1028285549","0xd5a4ee72d7484cb94159e70ff96905a11c205f30","0.29717827","Transfer"
"0xf2e11a582050ceb42046c73c2f97650380df6ae8529a57ce200956cd16d626b0","17328118","1684920023","2023-05-24 09:20:23","0x4e36e298808813a0a4b6ae3a97a945e62912327e","0xe65cdb6479bac1e22340e4e755fae7e509ecd06c","0.009","Mint"
"0x431965f072763e377dae2d99d233c9fbf7a2f22503558c1a57a536bbb18401ae","17328145","1684920359","2023-05-24 09:25:59","0x9e52c90f2a1ef11ea00a3184a4c592fcc81d7269","0x5ab53ee1d50eef2c1dd3d5402789cd27bb52c1bb","13.04818077630638069","Execute"
"0x431965f072763e377dae2d99d233c9fbf7a2f22503558c1a57a536bbb18401ae","17328145","1684920359","2023-05-24 09:25:59","0x9e52c90f2a1ef11ea00a3184a4c592fcc81d7269","0xdceaf5d0e5e0db9596a47c0c4120654e80b1d706","2.302620136995243651","Execute"
"0x6916c45aef8a6013446382ff46b906190faab4cbf41ff0701d2f5960dabeb24b","17328152","1684920443","2023-05-24 09:27:23","0xdc87006a0ff6649c5bc71a555ada5d262afe4264","0x1715a3e4a142d8b698131108995174f37aeba10d","6.409065","Relay Tokens"
"0x4556a3bf2d5c7e190d58cf99c9af0a24c0ccfdd44c6446e027d3331802fd39bf","17328165","1684920611","2023-05-24 09:30:11","0xa16a27cff6bd4f2dc3e6ca2cab3b244df543e27b","0x28c6c06298d514db089934071355e5743bf21d60","33.668333366951067788","Transfer"
"0x27b18bde9bd9ff2276c3aaddddcea3a3d4d660033d6f2a8a92111fa110885268","17328169","1684920659","2023-05-24 09:30:59","0xa96853390c776ce8307b46b4d1a857ab310ab018","0x7451dc7de5ab5b08edeecc07736ae7773e64d92b","140","Send Multi Sig Token"
"0x2bfbe4c332d42f022af6c38f8ec4d8c19e86c1a0076c1e6cd73fdb400fd1e61a","17328169","1684920659","2023-05-24 09:30:59","0x346563d78537987beb25740b6b9aeafe9bae5073","0xffc97d72e13e01096502cb8eb52dee56f74dad7b","0.002","Deposit"
"0xfbde4651e5cd9f3ed2a75d017b6b1d5726f839b60920580159dac2352f7834ad","17328248","1684921607","2023-05-24 09:46:47","0x5ab53ee1d50eef2c1dd3d5402789cd27bb52c1bb","0xe55d55625ad1bd18273eb26955af94d168df3d21","17.01288679667038852","Execute"
"0x85973311f17ccb2070dfae04454fdb0a6e31da5344758c64a7482090eace8e52","17328253","1684921667","2023-05-24 09:47:47","0x221627e9ba810f9d9e059a7cdd0aad40a0476722","0x67e022256e5de118994476a621d709d658b65f04","0.342","Transfer"
"0xe10b2d625e9799ecdb6251713b548dcaaa9fedb50a54e76ecd8562892dbb0f32","17328318","1684922459","2023-05-24 10:00:59","0x7451dc7de5ab5b08edeecc07736ae7773e64d92b","0xcd531ae9efcce479654c4926dec5f6209531ca7b","140","Transfer"
"0x0771d4ee189110c1c68c3f01ce8725e1fb39c542ac21087b6c4d6bd6accb4d96","17328394","1684923395","2023-05-24 10:16:35","0x346563d78537987beb25740b6b9aeafe9bae5073","0xe65cdb6479bac1e22340e4e755fae7e509ecd06c","0.001","Mint"
"0x8b1cda76054c51b4a0493c3f24e127d9acdb07db5a7e58a9cd385d9757515fdd","17328431","1684923839","2023-05-24 10:23:59","0x5ab53ee1d50eef2c1dd3d5402789cd27bb52c1bb","0xfb82fbeb335848ac7563219c2bebed07e5291475","23.395961160285186894","Execute"
"0x0bb6dbdf01c2107805bd01259a3988fcf547840a77624938037f8cdf7450a7bc","17328435","1684923887","2023-05-24 10:24:47","0x4e7ecb1305fa91a82d39c6d3142b4ab277932412","0xd76db301f2efa2a45792e44807156b9a1e8214af","0.932129","Transfer"
"0xea6cc49bb5cfaf818656e75e3c5e6af9cae85cc408fd5b9f7b95a53e786c1959","17328446","1684924031","2023-05-24 10:27:11","0x2b8edc1b91802ca3f51584138b10e54a03ba3cf3","0x96d2bce066d38f3aea0938f01241a4cba0c874a5","15.75710233","Transfer"
"0x2dcf1ab0cb92dab99af773ed31bcb16d2d4f3f415d79b2b5c9084e64d664e45f","17328447","1684924043","2023-05-24 10:27:23","0xdfd5293d8e347dfe59e90efd55b2956a1343963d","0x8df75efaa9b330b5f6b14f3055a45dce494c9edd","1.96792","Transfer"
"0xbb70c77dff53b8ea34df3652d5865d1d49e9c1ede9b95e74a7d635d57a5c9770","17328451","1684924091","2023-05-24 10:28:11","0xa81011ae274ef6debd3bdab634102c7b6c2c452d","0xe91b373212f8ae32925cbcf39ab3a7b0763c27c9","49.81278229","Payout ERC20Batch"
"0xe5e92c03c626826ffe8948a6d49515f431f7637c204b6f233531512a7a1be439","17328461","1684924211","2023-05-24 10:30:11","0xe91b373212f8ae32925cbcf39ab3a7b0763c27c9","0x28c6c06298d514db089934071355e5743bf21d60","49.81278229","Transfer"
"0x76998951d2d0331ba1750ebe56851af12189c41b4dda4f1ee4066aa5f7d66081","17328615","1684926071","2023-05-24 11:01:11","0xa9d1e08c7793af67e9d92fe308d5697fb81d3e43","0x3d97eb041b9e16f3692c62b9258b5940e2914c4c","0.82166879","-"
"0x7c643a34b0e94b00d5043cd141446d34f25c3be8a6af5b574b57659fd1c93ed3","17328637","1684926347","2023-05-24 11:05:47","0x5ab53ee1d50eef2c1dd3d5402789cd27bb52c1bb","0x96c37cf118fcc8fdf32d25ed4ce99736dbc7e4a0","0.282651182840281599","Execute"
"0xff4491ca6b650ecfb9dc9a6dfdbd9f710bb7d76f2f2d3445c5868ad9e7f08161","17328655","1684926563","2023-05-24 11:09:23","0xdfc14d2af169b0d36c4eff567ada9b2e0cae044f","0x96c37cf118fcc8fdf32d25ed4ce99736dbc7e4a0","0.282851626539767452","Swap Exact ETH For Tokens"
"0x1d526ccd5da7c97dcebac12d9f089d37835708a45da13684beb9fdcce47fdc21","17328657","1684926587","2023-05-24 11:09:47","0x512fce9b07ce64590849115ee6b32fd40ec0f5f3","0x9008d19f58aabd9ed0d60971565aa8510560ab41","78.624826191725060301","Mooo Z1089603480"
"0x1d526ccd5da7c97dcebac12d9f089d37835708a45da13684beb9fdcce47fdc21","17328657","1684926587","2023-05-24 11:09:47","0x9008d19f58aabd9ed0d60971565aa8510560ab41","0xa69babef1ca67a37ffaf7a485dfff3382056e78c","78.25555326006747136","Mooo Z1089603480"
"0x3e2e88f2006938380b7538cdcc6a47c9cdd39df5da729580ef1e6f981f1b30d7","17328663","1684926659","2023-05-24 11:10:59","0xd334dfdecb041336b1d3cf6d541f1e4143dae3f2","0x5ab53ee1d50eef2c1dd3d5402789cd27bb52c1bb","1.000026","Execute"
"0xd4a075bb55bae350bd003f77e2a33fb8de54304a3f019b35a29ab5b9139fbefb","17328695","1684927043","2023-05-24 11:17:23","0x26a78d5b6d7a7aceedd1e6ee3229b372a624d8b7","0xf5b7687c0cfd29637b34ca6f6a53ce843409e8b8","1.03478017","Transfer"
"0x5aeb4f6767bc13777e73447307ce317515fcf05b24f475e530e2861a1b7094a2","17328699","1684927103","2023-05-24 11:18:23","0xcfc0f98f30742b6d880f90155d4ebb885e55ab33","0x212a4e43de52fba0fd0d35f915e3255541af8e1c","0.135630638351168904","Transfer"
"0x13d75f30ba70fcaf8068a01c9d97768114b833875e9a59b623e1e70eff4bbd4d","17328782","1684928111","2023-05-24 11:35:11","0x28c6c06298d514db089934071355e5743bf21d60","0x9162bd2f291e71f2ef6efb4e337140dd92c3c2e6","77.700112","Transfer"
"0xa0e50dcbfd91f93e8dbb202a66b85bc0fef68153a25987554961305feace2808","17328792","1684928231","2023-05-24 11:37:11","0x6cc5f688a315f3dc28a7781717a9a798a59fda7b","0x62b014b27a1f6054ea1800fc40ebcff6912d6d3a","478.32324732","Transfer"
"0xba1f5963e8c5ed195b6782c5ff56888a46726d19ac716320e70dc15589ad94f5","17328807","1684928411","2023-05-24 11:40:11","0x21a31ee1afc51d94c2efccaa2092ad1028285549","0x1e66362057b0ba129d94035e3229eceebec5342f","3.51374099","Transfer"
"0xdee767afb83d0bb8c7d1bdd2d593607f1a19926b1c6456a0e2cf5a12c5f98149","17328821","1684928579","2023-05-24 11:42:59","0xdfd5293d8e347dfe59e90efd55b2956a1343963d","0xa4de2300ba46ee1f531ce499e370dc72d57b2401","3.414","Transfer"
"0x6ac295f5371979e0844aa5ad70ea1a61caf9617f9eb5611351490e9988abe9cf","17328887","1684929395","2023-05-24 11:56:35","0x346563d78537987beb25740b6b9aeafe9bae5073","0xd75ea151a61d06868e31f8988d28dfe5e9df57b4","0.000999999999999974","Add Liquidity"
"0x6103d347cee9b7617cac8152347bab69b63c58749a7cfb6217539e39f600b055","17328899","1684929539","2023-05-24 11:58:59","0x25f2226b597e8f9514b3f68f00f494cf4f286491","0x3e647e803457f812b648c5a4ee83166f05e32502","15.159789979627734461","Claim Rewards"
"0x3f39de3b54519c0769a352dbc37f3207209702f3d09b17169d3f17cc3c83da4b","17328917","1684929767","2023-05-24 12:02:47","0x7dbdec4edbeb5fa3c9f79a87af427b970a88d90d","0xab6a175a6fcb61faf3cf787306c746d5af5c1ee6","1.54565209","Transfer"
"0xb411f0abaa88d6aab6ae5eb0a22ea9801f6cbdfbc07a7b86f46894befc71ac3a","17328936","1684929995","2023-05-24 12:06:35","0x96c37cf118fcc8fdf32d25ed4ce99736dbc7e4a0","0x5ab53ee1d50eef2c1dd3d5402789cd27bb52c1bb","2.268466487745107967","Execute"
"0x9005b7a02c0ca4fdca8aae5aa0d5cdca6d22678a95f5c17fa3ce3d43bed70b3e","17328956","1684930235","2023-05-24 12:10:35","0x3e647e803457f812b648c5a4ee83166f05e32502","0x0717a36a157b16e8728aae13216466491cf75e21","15.159789979627734461","Transfer"
"0xc8e41e9e01f063483abfa34018c90c4798f9a0ffa9e0879c5a4459b0a9d66a4e","17328977","1684930499","2023-05-24 12:14:59","0x5ab53ee1d50eef2c1dd3d5402789cd27bb52c1bb","0x96c37cf118fcc8fdf32d25ed4ce99736dbc7e4a0","0.565382769171765369","Execute"
"0x9c16601c997123c1c266ea68b25c4105eda71aeb48db8876de36229003d6b93b","17328977","1684930499","2023-05-24 12:14:59","0xdfc14d2af169b0d36c4eff567ada9b2e0cae044f","0x96c37cf118fcc8fdf32d25ed4ce99736dbc7e4a0","0.282734508555652441","Swap Exact ETH For Tokens"
"0x3ff4d672a097cccd345e5462f0fe2c8df36c4b858fc688ef1970dd173551ae47","17328985","1684930595","2023-05-24 12:16:35","0xe01dddfb490726df1fc3a62ab627f05ce673c586","0xaf0b0000f0210d0f421f0009c72406703b50506b","0.2","Settle Aggregate Order"
"0xdfcb99e77df2e04514af0bc12c0b3718b89db70cc407d618e7567ce139f3f12e","17329001","1684930787","2023-05-24 12:19:47","0x365f9ca91f467cfe00867a3de72d6619ea83ab81","0x772904766333e2f18cff914c3881da61519cd7ef","11.13693634","Transfer"
"0xda4e5369237f9245ef04dd557a825b1da9bb14fbdc0fd9550e7e79c611fe0bea","17329053","1684931411","2023-05-24 12:30:11","0x62b014b27a1f6054ea1800fc40ebcff6912d6d3a","0x28c6c06298d514db089934071355e5743bf21d60","478.32324732","Transfer"
"0x05e02060d265d3221d727d5be6391b678c96196b99414d815a7d63b013b64d17","17329076","1684931687","2023-05-24 12:34:47","0x4a3527d04deff87c0fe8fa68a877780b46d1aeee","0xb55a168b93c0d876860fc9706e148470b48dd7f2","10.67664809","Transfer"
"0x6e854b6695eaa26751f66465d08b41689a7c2182bb702243fb1525b36c32ee68","17329094","1684931915","2023-05-24 12:38:35","0x0717a36a157b16e8728aae13216466491cf75e21","0x41612389c6a248c478a6212f06c03980a985f94c","15.159789979627734461","Transfer"
"0x6c136ddaace05ac88c939d32c2e2730a3c0d8f68519c931b524092533a147d17","17329097","1684931951","2023-05-24 12:39:11","0xd75ea151a61d06868e31f8988d28dfe5e9df57b4","0x9187385bf1f1d9a6b2caf092c2a6e66b6a2d5409","2.002165804660169232","Unoswap To With Permit"
"0xc1a1fccb609981b1559436a0f58292d678451e1e41a7007098947755f63964b8","17329107","1684932071","2023-05-24 12:41:11","0xd75ea151a61d06868e31f8988d28dfe5e9df57b4","0x9187385bf1f1d9a6b2caf092c2a6e66b6a2d5409","4.6505339889723331","Unoswap"
"0x40ab1458f253c4b091918c42616d67a738a4e26727bfd913b4b10c763c10af72","17329107","1684932071","2023-05-24 12:41:11","0xa9d1e08c7793af67e9d92fe308d5697fb81d3e43","0xd09c13db53be5e27988758df577504f2e94800f7","82.44631958","-"
"0x33021508f2ca698201f2a6b2e056348f4c7ac3047cbe7e620a725aa162129c60","17329116","1684932179","2023-05-24 12:42:59","0x25f2226b597e8f9514b3f68f00f494cf4f286491","0x0ae6ca42d023280da7f11499e6576c33adf1c15f","6.043931084853505952","Claim Rewards"
"0x1d19c7a9407f24dd0133d6f70fe98d9ea9cc296f03dcc1ec466ea4401b832956","17329119","1684932215","2023-05-24 12:43:35","0x0ae6ca42d023280da7f11499e6576c33adf1c15f","0x4da27a545c0c5b758a6ba100e3a049001de870f5","6.043931084853505952","Stake"
"0x242a55450781d29c950486a405747c5f53c5eb37f15a9b9b0fe29db015d8f570","17329128","1684932323","2023-05-24 12:45:23","0x28c6c06298d514db089934071355e5743bf21d60","0x9d7ec5521c325421eb47bc22a25b519a1248c78f","1.04","Transfer"
"0x0f243435a50350b8f9154508adecbc4b14dd8baadea4f0aabb9d3ff6194876ed","17329160","1684932707","2023-05-24 12:51:47","0xa5ca3b5a7b88dc82d5fb70647ce727c6297e6882","0x9e676c76e4cc5ad8bf02e6f24c6582bacc33aa34","50.000044","Transfer"
"0xe7cda64b327508a349c34694a24de623fad9695e228209c4fb10d94ea75c43ae","17329161","1684932719","2023-05-24 12:51:59","0x87cbc48075d7aa1760ac71c41e8bc289b6a31f56","0x271fff1b517218eaac9e2bd4fd3d554772e14dc1","0.88211","Transfer"
"0xbaf6fd6f96343d26da2398de0dbbeb113e305ec895007f431183544a049af48a","17329170","1684932827","2023-05-24 12:53:47","0xe69eb4946188c5085f38e683b61b892a96c27124","0x5ab53ee1d50eef2c1dd3d5402789cd27bb52c1bb","12.418019802421071457","Execute"
"0x6c86b361b13d95905159984209d0334b82d0e3bf062d88c1bf635311dd6bf529","17329229","1684933535","2023-05-24 13:05:35","0x1b760ec10a8397a18870067f88c467137469f7d5","0xfcc1cc5e49d87b98240945b9b03b28643b58fcfa","81.49018582","Transfer"
"0x7db4de359cd47c2d72aeb065f13f859e54702b945b606c901bc6f074f42aac3b","17329234","1684933595","2023-05-24 13:06:35","0x7507aad5edc4a22a86559603d255352835e7a5ad","0x884c0280d85f9973a7cea8dc543294d54a2dc493","1.44379823","Transfer"
"0x608b1f1f871ace8083afc1d3bc9343656378f3015a2a01e7cfe437f19840f82e","17329234","1684933595","2023-05-24 13:06:35","0xfcc1cc5e49d87b98240945b9b03b28643b58fcfa","0x6cc5f688a315f3dc28a7781717a9a798a59fda7b","81.49018582","Transfer"
"0xf6bb95f5890fc1d3fb35af1917871427871637e2d6b2b36d62d62b2febeccdb2","17329316","1684934579","2023-05-24 13:22:59","0xc564ee9f21ed8a2d8e7e76c085740d5e4c5fafbe","0x04db8416e90422aff6625d8dfc61b32e77da46f3","27.487399999999999968","Transfer"
"0x0786a674ad4fd0f634be0430b5e60bd92f8d1177fd19cca35c9b2f9ff4f035f2","17329322","1684934651","2023-05-24 13:24:11","0x941b4fdb4b1533ab2cc8b90ff0700f658b4aa642","0xaca096d2e6492d7380c5d8e70d90e13eecc72dd4","15.80694762","Transfer"
"0x8bef11d1e8c8b8a763f166338e17f2e635e058d438c2c0ed5cb664c74362b9cd","17329333","1684934783","2023-05-24 13:26:23","0x00d599776c0851470442b824e10d298fe19074f0","0x5ab53ee1d50eef2c1dd3d5402789cd27bb52c1bb","13.5","Sell Token For Token To Uniswap V3"
"0x5fa22e762426f6c905b27c91b9bc29d0b547a19ca957cd1a284c105814c92cc8","17329493","1684936751","2023-05-24 13:59:11","0xd37bbe5744d730a1d98d8dc97c42f0ca46ad7146","0x7bc25cdd04033895aeaf5ece95d6851f2b5ef323","0.1643372","Transfer Out"
"0xfe2326e66a8adf5644f999bbc9e2901e6ad520c9fb134e5ed49f4b3f4296d536","17329520","1684937075","2023-05-24 14:04:35","0x82bdff92b259d83382c28a2d0cf3229e0d8b0b98","0x2be2aa83fd012523b174b3499caf19837b1f66ee","1.39184318","Transfer"
"0xf7c19aead3a0c134a9f77cdcb2cb97ef355feac8f5157a415e4a10b10ebc7738","17329529","1684937183","2023-05-24 14:06:23","0x3bfea84c94f1158ff63ef7fe274fe736c076b98b","0x98d7cb2210a450679746f133b1e9e24d998fab01","0.85","Transfer"
"0xe635254bcaba2bffb5f5d5f4fe3203884b90a6d93d9163a1ecb02211783d42b6","17329544","1684937363","2023-05-24 14:09:23","0x195e8cd1cca12fd18643000c6d4e21b766d92a10","0xb28589f81d734bf5a9d46fb8b74b88bf8331c18c","12.024728","Transfer"
"0x91949b58b9c298bb9af37697e8cdc8384cd15b590f5b65b566f70cb73ac0468c","17329550","1684937435","2023-05-24 14:10:35","0x2be2aa83fd012523b174b3499caf19837b1f66ee","0xa760c65ee687c854c9f20d90d9e5c7d27eb742b8","1.89373236","Transfer"
"0x09be8787fac537c37430676ea05935c6aad668ad963cecec1871849c95cf2b20","17329551","1684937447","2023-05-24 14:10:47","0x6cc5f688a315f3dc28a7781717a9a798a59fda7b","0x41fbba5cb38d22b2d80606406944cedd7c97f6f9","1,561.737","Transfer"
"0xcab7cbfdc196dd0d9ed21a5cc02aedd943df9f9bc449d0e6798f6cdd278dd6b5","17329553","1684937471","2023-05-24 14:11:11","0x8d1ce361eb68e9e05573443c407d4a3bed23b033","0xed5d4aa57e28689050eb7de9975d79e0b254f4a0","10.358987037741701548","Exit Pool"
"0x20764462388d638d4435b557e6f66bfa716bece0fbc0c30714f7304262d60d85","17329565","1684937615","2023-05-24 14:13:35","0xb28589f81d734bf5a9d46fb8b74b88bf8331c18c","0x5797f722b1fee36e3d2c3481d938d1372bcd99a7","12.9434","Transfer"
"0x3299ac2ded90a43a336095e8eab9e1cfba3cd86c3ce928cb1580c677b1bf6d19","17329566","1684937627","2023-05-24 14:13:47","0x5ab53ee1d50eef2c1dd3d5402789cd27bb52c1bb","0x5383bc3e0254adee71b82714206cbe8dbada6d72","12.280760534398074387","Exact Input Single"
"0x3a339946f1c5d77bf23ab104fc851dde3584f5ef0d185f4eb176f6e1caf4bee8","17329586","1684937891","2023-05-24 14:18:11","0xa9d1e08c7793af67e9d92fe308d5697fb81d3e43","0x6d21266dfcf5541bee9f67c4837aaa72b3bf9303","22.51719267","-"
"0x6e2ea9d84f8aebe26898ce5129a1cd75be8f571ba3b5479881be5c31477340b7","17329623","1684938335","2023-05-24 14:25:35","0x5383bc3e0254adee71b82714206cbe8dbada6d72","0x8b5a8f9659dad3bff13b742075a6975ace3bf659","12.280760534398074387","Transfer"
"0x67e48185d19b4cfa481609eefcf81cb37161af6db526e73f5277923701aa6491","17329637","1684938503","2023-05-24 14:28:23","0x53e0f5c7422e9f8f9abdb82fd5c88b96b95b6ec5","0xce5afe2446776121069f4b72f72e191bd46142e2","51","Transfer"
"0x03ab41f0f432f693821de8d490d559bb68c25f2e73131a15b1286a11efd5710d","17329638","1684938515","2023-05-24 14:28:35","0xdc838074d95c89a5c2cbf26984fedc9160b61620","0x2acf35c9a3f4c5c3f4c78ef5fb64c3ee82f07c45","25.013251088724405323","Exec Transaction"
"0x6b9b4f201a115519b2aa2c252fd5267e36404bdc1acdcda11bda021938614943","17329638","1684938515","2023-05-24 14:28:35","0x562680a4dc50ed2f14d75bf31f494cfe0b8d10a1","0xc16168e3f3d6ec1724cc15cc190ff9e233e76613","164.12451838","Transfer"
"0xd6aa463735fc2d7e7fcb9f34df933ec66bafa5deb0feaf3466dc84485da687b5","17329641","1684938551","2023-05-24 14:29:11","0x562680a4dc50ed2f14d75bf31f494cfe0b8d10a1","0x58961532da1750816739c647a484bec4a03c079f","4.93215776","Transfer"
"0xae2b0f616ab0ede1e01907d8b65d0d8744443612d89279ea3450e14a9711c0a8","17329641","1684938551","2023-05-24 14:29:11","0x562680a4dc50ed2f14d75bf31f494cfe0b8d10a1","0xdb6c6956fc2bcabf0caaf2c57308177099f4ce47","1.53","Transfer"
"0x0f99bb49825325faa77882d167ada12de751e999eb4965b1bd80549ec191b9ae","17329646","1684938611","2023-05-24 14:30:11","0x41fbba5cb38d22b2d80606406944cedd7c97f6f9","0x28c6c06298d514db089934071355e5743bf21d60","1,561.737","Transfer"
"0x4a0d3b10e364948fae554638701232d2849554f4197c7f2215c4145bc4b3dc61","17329682","1684939043","2023-05-24 14:37:23","0x26a78d5b6d7a7aceedd1e6ee3229b372a624d8b7","0x5bd48849f6892380921f2d8c4fb8e185de41934d","23.45918","Transfer"
"0xb044c954c6942238670e0e003e42793560b8598d83452e99eddbe1229384faf1","17329706","1684939331","2023-05-24 14:42:11","0xdfc14d2af169b0d36c4eff567ada9b2e0cae044f","0xc9ca00d51b5e56a065d97922fff86ff96123685d","2.820927448181667947","-"
"0x49b47617be817514fee611a82371f838dc846e68f1a0c418fe7eade6aa02cc92","17329711","1684939391","2023-05-24 14:43:11","0x7731842b3ab0bf5f0673e182acee9f7cffd4c9e2","0x301baf50cd921e8ae515aa6e7572b1e807313613","0.7","Transfer"
"0x371b7178772dfa8ac1e4655f4ce7e3512ee911ab202498bbea443f6367bbe57a","17329720","1684939499","2023-05-24 14:44:59","0xc9ca00d51b5e56a065d97922fff86ff96123685d","0xdfc14d2af169b0d36c4eff567ada9b2e0cae044f","2.820927448181667947","-"
"0x7cfe7f2976f7196bd33392cffb46d00559ed62922e43f8de2715789fff675bff","17329736","1684939691","2023-05-24 14:48:11","0x21a31ee1afc51d94c2efccaa2092ad1028285549","0xe8343fd029561289cf7359175ee84da121817c71","1,998.1479876","Transfer"
"0x4c1011b2ce38f3c0b6655999d6615fc8e8d14b479b0a4a014f4dfeaa9dbc0407","17329753","1684939895","2023-05-24 14:51:35","0xdfd5293d8e347dfe59e90efd55b2956a1343963d","0xf027d9f364ad3f5168bf05fafcb8e3edcd818ea3","93.46486327","Transfer"
"0xac219e95431c86c0e90b76967b2f41c953b3d5644fed24e58daf26e50052fdf1","17329782","1684940243","2023-05-24 14:57:23","0xcce8f40311293ac2ee52da6b965dcc634a64fee7","0x74de5d4fcbf63e00296fd95d33236b9794016631","16","Swap"
"0xac219e95431c86c0e90b76967b2f41c953b3d5644fed24e58daf26e50052fdf1","17329782","1684940243","2023-05-24 14:57:23","0x74de5d4fcbf63e00296fd95d33236b9794016631","0xa69babef1ca67a37ffaf7a485dfff3382056e78c","15.86992","Swap"
"0xac219e95431c86c0e90b76967b2f41c953b3d5644fed24e58daf26e50052fdf1","17329782","1684940243","2023-05-24 14:57:23","0x74de5d4fcbf63e00296fd95d33236b9794016631","0x2acf35c9a3f4c5c3f4c78ef5fb64c3ee82f07c45","0.13008","Swap"
"0x72a3d46f9348907390e0943e84f210cbd11e7bcd0d628087892b2ee0e5cd0877","17329835","1684940891","2023-05-24 15:08:11","0x6cc5f688a315f3dc28a7781717a9a798a59fda7b","0xa24b66995b76211c60294b0a550b68b3b39d275e","492.18418598","Transfer"
"0x0fde23645261db60352fbc2433f440fab6fb966abc8f5d3434c9874c60e7e420","17329851","1684941083","2023-05-24 15:11:23","0x25f2226b597e8f9514b3f68f00f494cf4f286491","0xe8343fd029561289cf7359175ee84da121817c71","574.026508891201311832","Claim Rewards"
"0xe97920bc32799c037b1576e1ce91ebbd146c96a4d3a01002775634666c5cac08","17329878","1684941407","2023-05-24 15:16:47","0xe8343fd029561289cf7359175ee84da121817c71","0x4da27a545c0c5b758a6ba100e3a049001de870f5","2,572.174496491201311832","Stake"
"0x3df962db9300ffd77d4c2aa59e84d47b75a318b26723e4749b82caa39c54e848","17329882","1684941455","2023-05-24 15:17:35","0x562680a4dc50ed2f14d75bf31f494cfe0b8d10a1","0x026d04c79ca2fcbce1c199c048b5a6e4ceb1dd9f","16.75357674","Transfer"
"0xcb7b6187e85220e6087723e5a468142ec51f8238054b59347aea52bf98185517","17329886","1684941503","2023-05-24 15:18:23","0xd75ea151a61d06868e31f8988d28dfe5e9df57b4","0x5ad6211cd3fde39a9cecb5df6f380b8263d1e277","1.152951369809469754","Unwind Pairs"
"0xcb7b6187e85220e6087723e5a468142ec51f8238054b59347aea52bf98185517","17329886","1684941503","2023-05-24 15:18:23","0x5ad6211cd3fde39a9cecb5df6f380b8263d1e277","0xd75ea151a61d06868e31f8988d28dfe5e9df57b4","1.152951369809469754","Unwind Pairs"
"0x0059d510de43673e672c81b9c44aac7adb98acdf096216e7122e3883824babf3","17329895","1684941611","2023-05-24 15:20:11","0xa24b66995b76211c60294b0a550b68b3b39d275e","0xa9d1e08c7793af67e9d92fe308d5697fb81d3e43","492.18418598","Transfer"
"0xeec433e471fad7c0d0156fece92850a1d98f916e509db451488b174972cbdcf0","17329898","1684941647","2023-05-24 15:20:47","0x28c6c06298d514db089934071355e5743bf21d60","0x3327ab87b9bfedf9957777aeec650830cf4115f1","11.73","Transfer"
"0xf5cc0d6faa924d94bd48f8a780e0f5b9e8cfbb26511512ed381238b5f0552505","17329911","1684941803","2023-05-24 15:23:23","0x26a78d5b6d7a7aceedd1e6ee3229b372a624d8b7","0xc5874857314ebc630667826833cd451fdd233af7","4.19535","Transfer"
"0xf323e5887caecc0d3bc05d5a1db1c1d720677c41358b94703e6ebf1a163b7052","17329967","1684942475","2023-05-24 15:34:35","0x2db1d8cdf1abe8c70b531a790cdf2ff38aecf652","0xaca096d2e6492d7380c5d8e70d90e13eecc72dd4","2.67290231","Transfer"
"0xfe7fd684fbbc7228501c1d711d518ef90f471cba4ea320afc24efbeadec23514","17329996","1684942823","2023-05-24 15:40:23","0xe65cdb6479bac1e22340e4e755fae7e509ecd06c","0xcf4ddbe475ed5683ed4dd0a6afb101dda4a45be2","40","Redeem Underlying"
"0xfe7fd684fbbc7228501c1d711d518ef90f471cba4ea320afc24efbeadec23514","17329996","1684942823","2023-05-24 15:40:23","0xcf4ddbe475ed5683ed4dd0a6afb101dda4a45be2","0xb62178010a649d90582aa5a440f881777055d55e","40","Redeem Underlying"
"0xf4e9da70f9cd528d866437cf28362d903e91979697903cf551e283958cd1cfb0","17330001","1684942883","2023-05-24 15:41:23","0xb62178010a649d90582aa5a440f881777055d55e","0x5ab53ee1d50eef2c1dd3d5402789cd27bb52c1bb","40.000000007447409641","Execute"
"0x4922efe39cbea635d414017be9b3f919c1bf5d05fd0b387c26e92d2948563eff","17330028","1684943207","2023-05-24 15:46:47","0x87cbc48075d7aa1760ac71c41e8bc289b6a31f56","0xa3eaad46f0c1f7801f69fe4681204100298a8f82","30.74459","Transfer"
"0x3010566a8ef27142c8483bbc9d5000120cfc307ab628a40fa46c4ad5a6d9fa1b","17330059","1684943591","2023-05-24 15:53:11","0x9baff318771572c284f3a181c5fcf2496c1a21c5","0xd75ea151a61d06868e31f8988d28dfe5e9df57b4","7","Unoswap"
"0x45960162ea6c04037439e3240b99e4a5dfa17555870704249fd54023c6f1334d","17330073","1684943759","2023-05-24 15:55:59","0xa81011ae274ef6debd3bdab634102c7b6c2c452d","0x28d20a1eb8bf597c815935baaee62db7edcf7b9b","70.81280098","Payout ERC20Batch"
"0x45960162ea6c04037439e3240b99e4a5dfa17555870704249fd54023c6f1334d","17330073","1684943759","2023-05-24 15:55:59","0xa81011ae274ef6debd3bdab634102c7b6c2c452d","0xe91b373212f8ae32925cbcf39ab3a7b0763c27c9","48.81280098","Payout ERC20Batch"
"0xea9cf22cce51874f311814913326e9d1429a040502d539c29a98197f0e7f4be5","17330088","1684943939","2023-05-24 15:58:59","0x1a76f6b9b3d9c532e0b56990944a31a705933fbd","0x7a97a3b0d81febf38ac7c431b71dd3861b0c20c0","185.293553368650528553","Execute"
"0xea9cf22cce51874f311814913326e9d1429a040502d539c29a98197f0e7f4be5","17330088","1684943939","2023-05-24 15:58:59","0xf6866aaeb54042418410d1333cb489f3650dde5b","0x7a97a3b0d81febf38ac7c431b71dd3861b0c20c0","9.757883204393067654","Execute"
"0x73af88b7d997dbc0ee5a26fda7fde2011d0043930c53e9b1cbaf569fb262c707","17330108","1684944179","2023-05-24 16:02:59","0xb23360ccdd9ed1b15d45e5d3824bb409c8d7c460","0x9b0c45d46d386cedd98873168c36efd0dcba8d46","30,808.40672156","Transfer"
"0x599d6f69a36d8a019e9f44b60f9e5529fe5b52147b8a1bedf21f14550d43c642","17330111","1684944215","2023-05-24 16:03:35","0x28d20a1eb8bf597c815935baaee62db7edcf7b9b","0x6cc5f688a315f3dc28a7781717a9a798a59fda7b","70.81280098","Transfer"
"0xaf8724711bc4dc1b7960688e29a17d6ad6e7bc0c2da4513269679ab4bc098d03","17330154","1684944731","2023-05-24 16:12:11","0x6cc5f688a315f3dc28a7781717a9a798a59fda7b","0x8bee7340304a051b16cecee05fb8c999db3b65ed","1,272.97434258","Transfer"
"0xf6500b2f3ca71a34be053f8effa94dee82bed6aeb2b5c4ac6097adaedb523855","17330167","1684944887","2023-05-24 16:14:47","0x7b1a190ce01c5cfad37bc1dc39a5cab8d05344a6","0x24bf1269337aa4217cdba9858bdfa80a102bf1b9","3.00057966","Transfer"
"0x50548e6e01c60f5234c2facd8b2c5ccfd935c386268525e5eaf60a5dfe006ab2","17330194","1684945211","2023-05-24 16:20:11","0x6ccf78f4290223d541c168c92c949b60ee212e7e","0xe66b31678d6c16e9ebf358268a790b763c133750","6.388744968010192641","Proxied Swap"
"0x50548e6e01c60f5234c2facd8b2c5ccfd935c386268525e5eaf60a5dfe006ab2","17330194","1684945211","2023-05-24 16:20:11","0xe66b31678d6c16e9ebf358268a790b763c133750","0x5ab53ee1d50eef2c1dd3d5402789cd27bb52c1bb","6.388744968010192641","Proxied Swap"
"0x4e921aec8c7495bf30c07ecc377b2d70b59bc86f69a5baebebd6ca44841d1cee","17330205","1684945343","2023-05-24 16:22:23","0xcd531ae9efcce479654c4926dec5f6209531ca7b","0x400c7f21176ddbf0c06106821f2cda1bcd0ebeb0","120.369","Transfer"
"0xe87071f6190fd9cf7a8c6a40b29195d7fb9aa78635c1284ba85422b6f30b2a87","17330211","1684945415","2023-05-24 16:23:35","0x400c7f21176ddbf0c06106821f2cda1bcd0ebeb0","0x3a61da6d37493e2f248a6832f49b52af0a6f4fbb","120.369","Flush Forwarder Tokens"
"0x126f75ea5e6f51539bc55f955fce5c5b84f452b4fc3f5f20a02c15cadfe79cdf","17330215","1684945463","2023-05-24 16:24:23","0xa700b4eb416be35b2911fd5dee80678ff64ff6c9","0xc9e7a40b20e2b10b3619109a74e9e6ef17c31299","102.769684136380753614","Withdraw"
"0x1b8ec50e49f9ac06df65a6f65e7eabbae3075366e8fd910ed7a9a0490d68b928","17330224","1684945571","2023-05-24 16:26:11","0x7a97a3b0d81febf38ac7c431b71dd3861b0c20c0","0x0584c809ffd87612b55c7881cf74e9eae3554656","239.882496570001006532","Transfer"
"0xcc51f537118e4df4930a0af69c74f4c36dca5b98fcb2cb6856de96e1519fe0a6","17330229","1684945631","2023-05-24 16:27:11","0xc9e7a40b20e2b10b3619109a74e9e6ef17c31299","0x5ab53ee1d50eef2c1dd3d5402789cd27bb52c1bb","102.769684136380753614","Execute"
"0x0aa4561e66780720b7dbceeed9791188ef933c3ffb96d96a921c5755b3c60fb0","17330233","1684945679","2023-05-24 16:27:59","0xdc5cb56dcec5cb582cbd8781becb6b7cf9e91d38","0x9cf640cc7ce23cc85fedd4d0cf3c61600e764fd2","0.9844926625","Transfer"
"0x9c10827ed4e24ac35c275307feeeb919dfc72e90075cac0b0f090dda4c6594a8","17330253","1684945919","2023-05-24 16:31:59","0x6d21266dfcf5541bee9f67c4837aaa72b3bf9303","0xa4c1c77ef94ee18146347587caac0454e2eb71a4","50","Transfer"
"0x3eeb5c19ab19d1fffbea221c22211b22826c393643f7a0692934932d94ece7ac","17330281","1684946255","2023-05-24 16:37:35","0xcd923faa15817172211d470b2202820d300bebd3","0x8861580669bae98a66b97c9495aa1532b615a1b0","38.7914","Transfer"
"0xc8da7182d2c200205877e6524979f84e21f4f5fe64b0b5a0baee1ee93a1c0d65","17330327","1684946819","2023-05-24 16:46:59","0x562680a4dc50ed2f14d75bf31f494cfe0b8d10a1","0x396e4abfbb02fd2a436e51cd334a8fb7e7050908","1.558","Transfer"
"0x06e6de1fdccb5d25d37b5738048ec55a8664c7bbdcdf97f8af684886106bf664","17330327","1684946819","2023-05-24 16:46:59","0x2db1d8cdf1abe8c70b531a790cdf2ff38aecf652","0x7f0dd30ce97bc7ad9e4d69784ae30b80e23f6873","7.039064088992841556","Transfer"
"0x225dfb80101b375273a5edcdffed4915aa538cab6ca65568c78b79fe824a961e","17330375","1684947395","2023-05-24 16:56:35","0x317625234562b1526ea2fac4030ea499c5291de4","0xc6735030cb618b1b5ec758b2f8465e79c501b484","0.873662568218485535","Migrate From LEND"
"0x74828790c273ddcebe352c80fbaac91cf8f2985807c8a4ba8ccf032497b5f6a7","17330375","1684947395","2023-05-24 16:56:35","0x82bdff92b259d83382c28a2d0cf3229e0d8b0b98","0x941b4fdb4b1533ab2cc8b90ff0700f658b4aa642","0.07718621","Transfer"
"0x0257d79bf08af23958cf4245391a3baa4ce257b35d3cfee3f71cd93d1cd8e9fd","17330385","1684947527","2023-05-24 16:58:47","0x318aa3bbc90d7f7be0f0c7dcfb9ca7e815614a10","0xc8ed7c738c78fabbe6bc7d389915003f07055b29","4.749","Transfer"
"0xf504d9ab57ba87e4dc8b0eb595def9417b5a2218481e31d214b3485c11cef4bf","17330425","1684948007","2023-05-24 17:06:47","0xa5946a2c7a6c4232224b89a696ae51879bf5aed1","0xc7ec6f747adb9dbb325e77f6b00110ea2625558d","1.7578","Send Multi Sig Token"
"0x881c89132d54228aefbc6d65a4da31340015cd3769bb736ca9548456c3d1e831","17330432","1684948091","2023-05-24 17:08:11","0xf5c4f57f2dee7d29421433d1b2f85287aec8c3ef","0xcc34cc875d2d052f5b1c19652b5e71d6f90c7f7d","4.5643807","Transfer"
"0xe22a4a3e66362517ecef342ff7ab6d8d2f5dd084fc11440a9cc85b31949aa057","17330439","1684948175","2023-05-24 17:09:35","0xcc34cc875d2d052f5b1c19652b5e71d6f90c7f7d","0x1157a2076b9bb22a85cc2c162f20fab3898f4101","4.5643807","Transfer"
"0xfc29c8c0676907eb85fba05744a085537731a4b5c29cb88be6a16da1218f704f","17330453","1684948343","2023-05-24 17:12:23","0x8861580669bae98a66b97c9495aa1532b615a1b0","0xf16e9b0d03470827a95cdfd0cb8a8a3b46969b91","38.7914","Transfer"
"0x93ed9359a23a6665f4f2e8818f9250f793a18c76efdeb739cabeea929bd16c1a","17330467","1684948511","2023-05-24 17:15:11","0xbfc52a18d33d301e8d1960aca3b482cf5a5a4dff","0xb1c5b2ca2f0af1424897ab7377cbeda4ab9a6699","74.19","Exec Transaction"
"0x93ed9359a23a6665f4f2e8818f9250f793a18c76efdeb739cabeea929bd16c1a","17330467","1684948511","2023-05-24 17:15:11","0xb1c5b2ca2f0af1424897ab7377cbeda4ab9a6699","0x2aa5d15eb36e5960d056e8fea6e7bb3e2a06a351","74.19","Exec Transaction"
"0xd117efea370e08964a5a32b2697c49c3fd4e4d06c1c904e0efc53794146827b3","17330468","1684948523","2023-05-24 17:15:23","0x5ab53ee1d50eef2c1dd3d5402789cd27bb52c1bb","0x49072cd3bf4153da87d5eb30719bb32bda60884b","25","Execute"
"0x339dfab1a3167baa9d5d930c6cb6251955243d725b67b3ad175cb3a073feb1dd","17330476","1684948631","2023-05-24 17:17:11","0x143534aba5a2effcaa73d5639a611a8f4bac3d7f","0x2aa3f64654757ab49a75a3e2be285ab46e87a9c3","22.753798359905706106","Transfer"
"0x8815b511d1ad529cb3e711a9800c62c79701b576d4791bdde7c8574f48181b2e","17330476","1684948631","2023-05-24 17:17:11","0x49072cd3bf4153da87d5eb30719bb32bda60884b","0x4da27a545c0c5b758a6ba100e3a049001de870f5","25","Stake"
"0x34c1c287450e277a59913a49041ff52a75768af93c0bd30d76077f6e222671c3","17330478","1684948655","2023-05-24 17:17:35","0x6c448ad668a00bf624d58cf738fb9ab48fa91884","0x59c38b6775ded821f010dbd30ecabdcf84e04756","7","Execute"
"0x0da67ed863663a89b8dd0aac80f086956f5c91dbe3c2c44561fa1ade2b7cc73c","17330521","1684949195","2023-05-24 17:26:35","0x37850a4d168613169ebfa95728c309f904935538","0xbccb0bd33b16652c2b735f4f8094df713c52e73b","3.53807082","Transfer"
"0x27507200da96dfcce2ce8a736ae26a465c0fd0c2960716647694feebc4f43902","17330569","1684949771","2023-05-24 17:36:11","0xa9d1e08c7793af67e9d92fe308d5697fb81d3e43","0x95b564f3b3bae3f206aa418667ba000afafacc8a","174.4963279","-"
"0x501ff05d143236fe1c0affb7486bdd95ef0b7864cac36e758487508adfad370a","17330579","1684949891","2023-05-24 17:38:11","0xa9d1e08c7793af67e9d92fe308d5697fb81d3e43","0x4fb69ecc574c01c78c7e6abcb139adbdf1edee34","1.3109176","-"
"0xcf9ee54a2da5cb9924f3b11d8755ab45e7b72b5aca563ffdc31bd5d36567fed9","17330602","1684950167","2023-05-24 17:42:47","0x8c54ebdd960056d2cff5998df5695daca1fc0190","0x7e17c7f7076fa7a81b3226e80cde54b4a86f2640","145","Transfer"
"0x5632a29bfc79cb84bdd1ba720ce6d957f284b7e092cc6609e651e43a0d4b2532","17330639","1684950611","2023-05-24 17:50:11","0x7e17c7f7076fa7a81b3226e80cde54b4a86f2640","0xa9d1e08c7793af67e9d92fe308d5697fb81d3e43","145","Transfer"
"0x69f2e8b8e022f6f28a4529c63aeabc526a2bebbde40300ae9fb3fc7389dba0d8","17330644","1684950671","2023-05-24 17:51:11","0xf89d7b9c864f589bbf53a82105107622b35eaa40","0xeb5efdba06baef9e9d6c3893f5ab7f734e012346","2.313704","Transfer"
"0xbf6a96140d740b682133fac3c7e52205f4fc6a52b55872360222286a8125ef47","17330673","1684951031","2023-05-24 17:57:11","0xe055cca4ec8c39d0c1ba189a4fa47444db3e597e","0xfcc4129b35f9b64365dbb9d6ab3a2324828883aa","53.42","Transfer"
"0xdf9c9ae8b6ddf76449e8a9dd2de03294ec3803dff1aa70396b5fc64821f2ae5e","17330682","1684951139","2023-05-24 17:58:59","0x21a31ee1afc51d94c2efccaa2092ad1028285549","0x4c514ca84209add46bcabfebca304541e42264df","0.89077844","Transfer"
"0xec823cda21d41c8c5157f44eacecc1299905161ba4decd2b0379d7f61e149dae","17330721","1684951607","2023-05-24 18:06:47","0xa9d46ac0b5956dcc44116e80f99cd324a6a17719","0x96e3ee014769ee0719405ba681e85cb8a70040a6","10.3","Transfer"
"0x3fc89f4779c3b6df70db0563270bb15aafc299b3cbd1ff181bad3ad01c410bd0","17330837","1684953011","2023-05-24 18:30:11","0x0584c809ffd87612b55c7881cf74e9eae3554656","0x28c6c06298d514db089934071355e5743bf21d60","239.882496570001006532","Transfer"
"0x77bb8cbbd4fe515bd8aab8f4539f4118f2df008d1dcc74eecf50b9f30bf58060","17330896","1684953731","2023-05-24 18:42:11","0x66e092fd00c4e4eb5bd20f5392c1902d738ae7bc","0x6a6823de294053606dfe60a78ce6883ee3482030","62.9347","Transfer"
"0x4935a41664225c1ee2bb1c826dcaa6519c0b5f19d8d5e92f79f1fc8a6ed34419","17330902","1684953803","2023-05-24 18:43:23","0x6a6823de294053606dfe60a78ce6883ee3482030","0x52b8dc6816caf977d7728f0f235f40c6d1259f2f","62.9347","Flush Forwarder Tokens"
"0x372e7af317e19a24babc68b9f363f36f13d3959237bfe35f1712d7f18710e505","17330907","1684953863","2023-05-24 18:44:23","0xad6eaa735d9df3d7696fd03984379dae02ed8862","0x2efb50e952580f4ff32d8d2122853432bbf2e204","24.2309","Transfer"
"0xb4dfcf174d6e585db547b443447c321f5d80ac977a12188e766423a34298a323","17330917","1684953983","2023-05-24 18:46:23","0x5039a44041648d78cbe3fb649b76fbeb6463bd75","0xbbad76a00c539662b79f3cf4147250b997bc3221","1.9734006708125","Transfer"
"0x6dc6795b1c7c453551f88fb29a9af7310fe70c75100698396c0f89f14902bb86","17330951","1684954391","2023-05-24 18:53:11","0xffc97d72e13e01096502cb8eb52dee56f74dad7b","0x9d5a494cec2934dc01ec1caf595840450bd30f9b","100.21122228748458855","-"
"0x6dc6795b1c7c453551f88fb29a9af7310fe70c75100698396c0f89f14902bb86","17330951","1684954391","2023-05-24 18:53:11","0x9d5a494cec2934dc01ec1caf595840450bd30f9b","0x772741d20a169c483df2d447357488dccb4372e6","100.21122228748458855","-"
"0x007561bb5764fb0a53133cfb5ba3b60108f33764437ebdb338aabf50954afc0d","17330961","1684954511","2023-05-24 18:55:11","0xa9d1e08c7793af67e9d92fe308d5697fb81d3e43","0x635a328ce9a13d7050a1bc36e5d5c49b3fc8adc4","24.05907673","-"
"0x4f42e682a144a1c19bf682f54168a37d95e38bfe8c2dcc6477fb93edeeaab43a","17330984","1684954811","2023-05-24 19:00:11","0xfcc4129b35f9b64365dbb9d6ab3a2324828883aa","0x28c6c06298d514db089934071355e5743bf21d60","53.42","Transfer"
"0x28832b7e1562ba085366b263305289cb931cb3c3cc721fef939c25fb7bf49545","17330984","1684954811","2023-05-24 19:00:11","0xe91b373212f8ae32925cbcf39ab3a7b0763c27c9","0x28c6c06298d514db089934071355e5743bf21d60","48.81280098","Transfer"
"0x22513bcc3521e2a8aa035f4c87f5157207056987d00bb2f0f4a257be5a8826a6","17330995","1684954943","2023-05-24 19:02:23","0xd37bbe5744d730a1d98d8dc97c42f0ca46ad7146","0x596f6e4b8aab451a43c081a3afa508e74dea6fa1","12.49513621","Transfer Out"
"0x4ed7f579d091ffd5dca57682a778660e671f7d3ff9ed492191837461338901db","17331002","1684955027","2023-05-24 19:03:47","0x5ab53ee1d50eef2c1dd3d5402789cd27bb52c1bb","0x000000000dfde7deaf24138722987c9a6991e2d4","158.598580424116353002","-"
"0x41de8ab915dcf9e90b717585e217cddfdd9302243e3e735081928c83fc42e8ba","17331079","1684955951","2023-05-24 19:19:11","0xc697051d1c6296c24ae3bcef39aca743861d9a81","0xa69babef1ca67a37ffaf7a485dfff3382056e78c","703.670617906420413641","Execute F Fs Yo"
"0x174ab668024f7b4aa90631cd81b9f3923c5ce7105abd513ee6eb89852c33d10c","17331131","1684956575","2023-05-24 19:29:35","0x5ab53ee1d50eef2c1dd3d5402789cd27bb52c1bb","0x8c56ad1d1d9de1d24c95bd1fa3e20def9316274e","100","Execute"
"0xe3f97225e1340fb45f6c942519acb94c608ca323a2a6dbebc26659f129311612","17331182","1684957187","2023-05-24 19:39:47","0x4e7ecb1305fa91a82d39c6d3142b4ab277932412","0xc095e413dbdfa46be1dbac8e5fd8398e942f02d6","0.670175","Transfer"
"0x6033e02326443525c57070dc379305ecd6d45cc58bb4c138dfb4c08060c2639a","17331233","1684957811","2023-05-24 19:50:11","0xc5a8859c44ac8aa2169afacf45b87c08593bec10","0xe679432ae296e51958427bae420b08453e76cd8b","0.38197087","Transfer"
"0x3d418faa940147d4e4f34fad60869eb27cda4a94aa23a0e448dd382744507f05","17331239","1684957883","2023-05-24 19:51:23","0x3635f7066f1929da67cc30e663f6383fb1637674","0xd2d16ba1c2e6e894ecdf0358a7f93ec5611476f5","0.59936461","Transfer"
"0x8938aae7a9e7beca00bbca8806c38977c49c0b724ea1fdd96f78c157b89575fa","17331239","1684957883","2023-05-24 19:51:23","0xe679432ae296e51958427bae420b08453e76cd8b","0x3a61da6d37493e2f248a6832f49b52af0a6f4fbb","0.38197087","Flush Forwarder Tokens"
"0x00dbc821a12417df75b1a853f1c3afc331a8cd56a30ef4f370d3f8796e5f67a1","17331256","1684958087","2023-05-24 19:54:47","0x562680a4dc50ed2f14d75bf31f494cfe0b8d10a1","0x2abaf9f27f6e6f27edaa74ec5667535359805452","8.5107","Transfer"
"0x575c1669dfe3758b39ffc495784d550cfc04843fcfb28e0847ff6a19d7b3da91","17331324","1684958903","2023-05-24 20:08:23","0xf89d7b9c864f589bbf53a82105107622b35eaa40","0x99dd53f2b66699d37a8e0123ce7725b48199f0ef","14.6736","Transfer"
"0x4a168eec6e3a8543909bd4dd00ba0112038a32636b3f16cb61bf167791bad1f6","17331330","1684958975","2023-05-24 20:09:35","0x2abaf9f27f6e6f27edaa74ec5667535359805452","0x53eb3ea47643e87e8f25dd997a37b3b5260e7336","8.5107","-"
"0x5bfc3be2c23e5223cb41a4571eb4fd8e219309f2bb08f5e8c577416e8f45c618","17331350","1684959215","2023-05-24 20:13:35","0x26a78d5b6d7a7aceedd1e6ee3229b372a624d8b7","0x46f35a9fdb71f7524d51fcad1cd4e9c6796fd68b","5.77048","Transfer"
"0x8689c56d7a2b00b93e9d9d741c78b70da6020399662f3b48095352f78f38d9e2","17331373","1684959491","2023-05-24 20:18:11","0xaf0b0000f0210d0f421f0009c72406703b50506b","0x5fb343306ec5373f769366ba289ea1b954322345","0.158737858934989733","Settle Aggregate Order"
"0xac4bc561c2c76b9179103b375cca704fb523e1a6b8492eece72f7e71176f2116","17331426","1684960139","2023-05-24 20:28:59","0xdfd5293d8e347dfe59e90efd55b2956a1343963d","0xce0300735cea8f12da0e2a265525f6e8dbab39a5","2.22266","Transfer"
"0xccfd19bd58cc365f727d67d606fba8e02c49c248432f7e9c0b83452b8c7faba8","17331490","1684960931","2023-05-24 20:42:11","0x3a61da6d37493e2f248a6832f49b52af0a6f4fbb","0xad6eaa735d9df3d7696fd03984379dae02ed8862","121","Send Multi Sig Token"
"0x698cecf1a5319ce98c0fdac482c30ac3037a06181f066dad86ac7c8933860220","17331492","1684960955","2023-05-24 20:42:35","0xcd531ae9efcce479654c4926dec5f6209531ca7b","0x869a617ab8cd4899ecd9de3b4d19dd4c423bce2d","1,005.4856830142145545","Transfer"
"0x2438b63da2961ca8d18e89300a5ae7a723ada621ae652453b7c08747c35377e2","17331566","1684961867","2023-05-24 20:57:47","0x5fb343306ec5373f769366ba289ea1b954322345","0xe65cdb6479bac1e22340e4e755fae7e509ecd06c","0.158737858934989733","Mint"
"0xdec0b9cd6e6019dae975ba2ed07b30295228f700ecbb2096d8839da476250e51","17331578","1684962011","2023-05-24 21:00:11","0xec1424f4d164e6d07cd440c977570bdc2967ffb7","0x9acbb72cf67103a30333a32cd203459c6a9c3311","343.78","Transfer"
"0x279c10650eb0a32db4793c0ea84ab76367507b7a107cfd9bf5ca446ce9ef85b5","17331597","1684962251","2023-05-24 21:04:11","0x28c6c06298d514db089934071355e5743bf21d60","0x36b0ca172da5a33201efdc398acf9dde8f29d69a","3,974.89","Transfer"
"0x5cac0c3a7513e608f158107658fe5bddf8b4fde29a391c18a5b7b713d18a81ef","17331618","1684962515","2023-05-24 21:08:35","0x6081258689a75d253d87ce902a8de3887239fe80","0x018d49a96a305c251d06679878c65a6b442b3909","0.7807973704833351","Transfer"
"0x2102ec7683cd22bda61eac26c96a1ccbb71d916f85af22365632b566d3b24ff1","17331651","1684962911","2023-05-24 21:15:11","0x36b0ca172da5a33201efdc398acf9dde8f29d69a","0xa9d1e08c7793af67e9d92fe308d5697fb81d3e43","3,974.89","Transfer"
"0x79c08ed4a982a8583cfd332baf5998e3fe265e44d7ef7682a820297595bb3ee5","17331669","1684963127","2023-05-24 21:18:47","0xc697051d1c6296c24ae3bcef39aca743861d9a81","0xa69babef1ca67a37ffaf7a485dfff3382056e78c","652.923321768987467715","Execute F Fs Yo"
"0x7e250cdd8237b68e4d04ba8e7a083e113842d4452564b9e28a6c3b502c483fd7","17331671","1684963151","2023-05-24 21:19:11","0xa69babef1ca67a37ffaf7a485dfff3382056e78c","0xbe368f7086b0f9e98af309be43afb02f40135eac","487.39","Execute"
"0x1f3b87ad7b9b4817822527856f408ad7bf4709651e01ecb3e0494680d199a9fb","17331697","1684963475","2023-05-24 21:24:35","0x66e092fd00c4e4eb5bd20f5392c1902d738ae7bc","0x2efb50e952580f4ff32d8d2122853432bbf2e204","280.606","Transfer"
"0xc2f230a177ac8456126c28a9b8b5820bd499b3f8b8ed065359531899a10cc5bf","17331725","1684963811","2023-05-24 21:30:11","0xbe368f7086b0f9e98af309be43afb02f40135eac","0xa9d1e08c7793af67e9d92fe308d5697fb81d3e43","487.39","Transfer"
"0xf5de379666610bd8a68d3dc07782417ee56a4c2cda33d07da13bea6fb6a69bc1","17331749","1684964111","2023-05-24 21:35:11","0xa9d1e08c7793af67e9d92fe308d5697fb81d3e43","0x0e985851c6d962caa669dd273f56561680261c0c","1.55860349","-"
"0x382f627e013383c5e9c62f36d86990a681148299a77f6b5f715e3d6318a892fa","17331749","1684964111","2023-05-24 21:35:11","0xcd531ae9efcce479654c4926dec5f6209531ca7b","0x7473670070f2adeee5edb9e3f6e1ee6480e66de1","9.852","Transfer"
"0x61d89ff19aa7b123824d6d55b36c4c1657a309633c92b78619b94d0fa7995b48","17331758","1684964243","2023-05-24 21:37:23","0x6081258689a75d253d87ce902a8de3887239fe80","0x018d49a96a305c251d06679878c65a6b442b3909","0.780539452252187","Transfer"
"0xe05bcf30b20a5c8891c8c30534d23deffe0b1ba79989dbdbd0eec4c202fac83e","17331761","1684964291","2023-05-24 21:38:11","0xa9d1e08c7793af67e9d92fe308d5697fb81d3e43","0x0e985851c6d962caa669dd273f56561680261c0c","5.36768042","-"
"0xc5edba75a5b47537efb90a949ae1b949483d80806c6238cfd3793ae7d6571d0d","17331777","1684964483","2023-05-24 21:41:23","0xb23360ccdd9ed1b15d45e5d3824bb409c8d7c460","0x608c8024df08fa2c84546ff68323b46479b09539","16.69","Transfer"
"0xd2034c98bb4cb788d10654e8962dd7d6661a3124c8fcbe4c81bc02ad73eec83a","17331818","1684964987","2023-05-24 21:49:47","0xf2ea3b23d756c4002496ee807d02bd26bdf389a2","0x348189aaca5bc6a696a2849c8621e72c28356e80","15.9210193","Transfer"
"0x56a675dd94ddb376afe2ab9561d3ab87a647d9056e122664ca763b8b33a5d6d3","17331820","1684965011","2023-05-24 21:50:11","0x608c8024df08fa2c84546ff68323b46479b09539","0x75e89d5979e4f6fba9f97c104c2f0afb3f1dcb88","16.69","Transfer"
"0xc224cf06626e2e1a2f488fa623fc8ecae1cb0adaac1c9072c3e31fbcdad679d9","17331823","1684965047","2023-05-24 21:50:47","0x348189aaca5bc6a696a2849c8621e72c28356e80","0x26a78d5b6d7a7aceedd1e6ee3229b372a624d8b7","15.9210193","-"
"0xfb2db41dc60f3a2576a84806b9de2dc44eb08f8d112b4e8c5c4f8bf145119ce6","17331870","1684965611","2023-05-24 22:00:11","0x018d49a96a305c251d06679878c65a6b442b3909","0xf60c2ea62edbfe808163751dd0d8693dcb30019c","1.5613368227355221","Transfer"
"0x0ed29567a5e989ccbb6e43bb21d53fe934e5d58116dbfdf592eef8e11a5af58a","17331877","1684965695","2023-05-24 22:01:35","0x21a31ee1afc51d94c2efccaa2092ad1028285549","0x14900280cf7cf2dae666bd2c94b6724441182776","1.16922532","Transfer"
"0x101891f98ec2d882a26de008a72ddc72b3e6fdc4e164ee22a08705fe7bd32dd4","17331882","1684965755","2023-05-24 22:02:35","0xfa31ee903cc2cf549e4201b31bf6f5b680dcf2a3","0x565a019a3c2b0720b9e7ad015cebe7158d52822e","24.28687162","Transfer"
"0x2fc7851c30a821a99a7304474a3bd616fead405424c46e26ffedc69cfd3018b5","17331911","1684966127","2023-05-24 22:08:47","0x805d740b81b2ef747ba1ec5eba7158b9b40f7e3c","0x8c8fdf99623f144db26ac56b5e9e0aad582d2d9f","0.14910405","Transfer"
"0xb4f16669f40e59b961508842fef6c4485c81e851cb1393aa5b41042399db3548","17331940","1684966475","2023-05-24 22:14:35","0x562680a4dc50ed2f14d75bf31f494cfe0b8d10a1","0x9ef26560c1b8bc72ffeb8c71b52031b871edc84c","0.53","Transfer"
"0xf18fd8a4ef754fb1870e1583f6f9314184cc05e93f6cd05b29039aa3118d2ad0","17331969","1684966823","2023-05-24 22:20:23","0x26a78d5b6d7a7aceedd1e6ee3229b372a624d8b7","0xf9f874ed4fd1bd57f3448e6f865af79f5a508cb3","9.3658825","Transfer"
"0xbefc1d1b745630ed3495823951e754e63784a7cf92cdda6deb99902194ad9e80","17331970","1684966835","2023-05-24 22:20:35","0xdfd5293d8e347dfe59e90efd55b2956a1343963d","0x7fc9dd6bf9ecf1e04537bb6b167459f281c63b30","9.01226531","Transfer"
"0x24a1bf25de99d7f875e781e78155c6262a36ee2ef6cc60238847a1fa7837a65f","17331970","1684966835","2023-05-24 22:20:35","0x8bee7340304a051b16cecee05fb8c999db3b65ed","0x0d0707963952f2fba59dd06f2b425ace40b492fe","1,275.07597925","Transfer"
"0xfcd7e86e27bf245151367135c025cf3a70d6be82988e606c8ecf394facfe51f9","17331995","1684967135","2023-05-24 22:25:35","0x28c6c06298d514db089934071355e5743bf21d60","0x1f4b87d0aa7902b1ace92d22886bc9187223a3e8","11.794939","Transfer"
"0xec855e62deb49be2911ef65aa7148270e05321f9dfaada6d0c2cb77a1e0d4b38","17332019","1684967423","2023-05-24 22:30:23","0x562680a4dc50ed2f14d75bf31f494cfe0b8d10a1","0x3724346625a0d8fb948f2389164d076a44dc582e","1.41779409","Transfer"
"0xd0c3da28109dd571d7661e67990b11a4d7e2eb0d98268e1455b4b2276744b658","17332023","1684967471","2023-05-24 22:31:11","0x26a78d5b6d7a7aceedd1e6ee3229b372a624d8b7","0x73e4e2726c688a09af7e72107ee92a372eeb3012","647.95","Transfer"
"0xd067b28a0d84f9403af4b9b947f691e485199eeea94ed2768a5d5c50c71a2e3a","17332066","1684967987","2023-05-24 22:39:47","0xf2b0092ccdc73d187dcabf503179c49d36426db2","0xe55d55625ad1bd18273eb26955af94d168df3d21","11.351729187924939043","Execute"
"0xe65b2eafa4928fa63658dd8fd505d79fa8ec2fab5f964f8c6395f3298bf46b90","17332068","1684968011","2023-05-24 22:40:11","0x73e4e2726c688a09af7e72107ee92a372eeb3012","0xa9d1e08c7793af67e9d92fe308d5697fb81d3e43","647.95","Transfer"
"0xc144fbab65f37919056840907eb00e09af5bf9296cd50cff3f30c9d0b43096eb","17332084","1684968215","2023-05-24 22:43:35","0x21a31ee1afc51d94c2efccaa2092ad1028285549","0xa003f063210f73f4f5e9c71e87adcf3cbec0a2fd","13.26644966","Transfer"
"0x18ce5aa2e116574482c468d78f7237c6e3a97aedcc596d94590a99d68c054dd6","17332126","1684968731","2023-05-24 22:52:11","0xa9d1e08c7793af67e9d92fe308d5697fb81d3e43","0xed50d91517be7e59977eec31d6e44d92b7268f4a","1,000","-"
"0x578b5092a3b18794f9349d32d2c022f2edfdc30e251272b390d1dacfbde21d34","17332131","1684968791","2023-05-24 22:53:11","0xed50d91517be7e59977eec31d6e44d92b7268f4a","0x063ed6f59bd44d8bc99c3b170a3d52b49dcbcfff","1,000","Transfer"
"0xca33a91ea90400d6ede50fc649f4279d0379063cb795bdd882dddd6943fe70b4","17332155","1684969103","2023-05-24 22:58:23","0xf6a320ca5ba23c7ed56ae121234221c7c3ea9b06","0x650ac94860baa110cbc87a5f567fa925e01affbb","5","Transfer"
"0xa30235fbe2cf0e98906b4b36942c4389e1b7573cd2459b4d7da2c74363f1cfce","17332161","1684969175","2023-05-24 22:59:35","0x650ac94860baa110cbc87a5f567fa925e01affbb","0x26a78d5b6d7a7aceedd1e6ee3229b372a624d8b7","5","-"
"0x1e633efca368257cd2e89f5d6b9a9d519fcad6c5514e65330256ccd84defe5c5","17332179","1684969391","2023-05-24 23:03:11","0x9bb1b9d77a6fc73273dd9be8a18868ca289dec1b","0xc2f399700a4d899a5dac5bc9e0a171d772bbd7f8","18.90329893","Transfer"
"0xc3167baf029556b52623f217534ae266beced59a3b9d1f8a7dcf46488e96a426","17332208","1684969739","2023-05-24 23:08:59","0xdfd5293d8e347dfe59e90efd55b2956a1343963d","0xae92ce8a69ec71d3f4c715a0213a180ca15a7b84","3.35167445","Transfer"
"0x7280bd5798706903ccf85497428a996345c0817f99f54c1d6ad1938cd266bd88","17332233","1684970051","2023-05-24 23:14:11","0xd784927ff2f95ba542bfc824c8a8a98f3495f6b5","0x4da27a545c0c5b758a6ba100e3a049001de870f5","3.875271895349276232","Execute"
"0x548cbea1c51c2a1f27149ca563babefb88d3f4357de2a41ec732473b30d259df","17332280","1684970615","2023-05-24 23:23:35","0xf54ac7ef916fc5cb67f51d1383db0bd078b8d764","0x1c67e7e4e56cb32ecac16830e9f62d0570cfb730","5.574","Transfer"
"0x8728b85b7c5af72a23a30775e4c8ef4ae0fe5e1524bb11a8392cb2045fa60e9c","17332291","1684970747","2023-05-24 23:25:47","0x25f2226b597e8f9514b3f68f00f494cf4f286491","0x2fdafcddc992731548f869b0b513b080bf3cb9a2","2.976226558995918296","Claim Rewards"
"0x02b0f4ec16fd0b766951b4517e01d8c87caa33e58b014756a4872e8b9e064b3d","17332309","1684970975","2023-05-24 23:29:35","0xf54ac7ef916fc5cb67f51d1383db0bd078b8d764","0x1c67e7e4e56cb32ecac16830e9f62d0570cfb730","10.00009","Transfer"
"0x10f14f604b9bda026c21f77772af6febed38eb9cf0464c74980de723ff294cf9","17332442","1684972571","2023-05-24 23:56:11","0xa9d1e08c7793af67e9d92fe308d5697fb81d3e43","0x6b1bf74035ab5785a609bc07addb0eff4c357852","7.19326367","-"
"0x576d4a96eb6a2943e94fc17d28d6a08708e60b0ebfc1cc60520d655bfa0381c5","17332446","1684972619","2023-05-24 23:56:59","0x77134cbc06cb00b66f4c7e623d5fdbf6777635ec","0x73e4e2726c688a09af7e72107ee92a372eeb3012","625","Transfer"
"0x434b7117c69eb54e3afc7c694817cae79b10e395c6522d7f2c80f6cc6c8643eb","17332458","1684972763","2023-05-24 23:59:23","0x1c67e7e4e56cb32ecac16830e9f62d0570cfb730","0xf89d7b9c864f589bbf53a82105107622b35eaa40","15.57409","Transfer"
"0x4af5343ca9d7c590ae072aea915bbec980951af5fd5578c6524a477de431640b","17332458","1684972763","2023-05-24 23:59:23","0xaf0b0000f0210d0f421f0009c72406703b50506b","0x803f859ce7874994fe9e94189202ef38e3c6e1af","0.074543293278874947","Settle Aggregate Order"
